Id,SalePrice
1461,104147.384708755
1462,157558.029834343
1463,164606.302145747
1464,177116.351254688
1465,183082.797932286
1466,170887.377583892
1467,182906.094029559
1468,159115.234710581
1469,197186.061282373
1470,108576.502817715
1471,195466.439543358
1472,98237.5322901127
1473,84419.9632317314
1474,149632.374609672
1475,107016.636391653
1476,346225.281051655
1477,237295.717862871
1478,303551.25368483
1479,294807.851454267
1480,423071.967151418
1481,274353.047727651
1482,209314.91912519
1483,173448.019166875
1484,165170.237662864
1485,196219.917741249
1486,205648.877304544
1487,295024.020970654
1488,244041.735730611
1489,181771.151600441
1490,234314.315737912
1491,210453.711933976
1492,89506.1501634093
1493,193971.635040378
1494,280720.625912263
1495,263274.325240187
1496,239225.688736774
1497,166242.657690328
1498,163123.591716255
1499,164856.109510941
1500,155457.764160376
1501,199210.031631032
1502,147774.735991904
1503,268196.092912503
1504,239859.415688283
1505,215726.478203927
1506,192228.449518856
1507,244115.3618151
1508,206551.621325648
1509,151846.037474695
1510,133212.524620556
1511,147042.909012159
1512,175477.940154578
1513,152236.385734506
1514,129464.964302888
1515,203437.938994106
1516,167354.691240728
1517,162692.361814021
1518,117795.437631882
1519,226386.201425464
1520,125001.512317665
1521,115212.970355571
1522,190327.172518227
1523,95071.998545448
1524,127199.511781525
1525,91910.0911138737
1526,84848.0596191303
1527,85447.0701003133
1528,144508.451175929
1529,126596.427090545
1530,195473.648517177
1531,145039.048124289
1532,100802.111289716
1533,158644.394420071
1534,152613.406487551
1535,156764.465429383
1536,103110.778691462
1537,44934.8837900152
1538,168994.608533557
1539,229228.802676863
1540,111813.59067243
1541,136361.8725648
1542,142540.286321268
1543,185818.800616242
1544,91341.4093637762
1545,115869.266382202
1546,133971.482686976
1547,147599.119580242
1548,135070.009724108
1549,104313.242304116
1550,135794.304418336
1551,137087.338550651
1552,145317.657360817
1553,151497.333940296
1554,117918.189331826
1555,160076.575849144
1556,71074.1765602396
1557,102129.356366537
1558,114436.950393885
1559,71716.8052802802
1560,132002.874315751
1561,135760.061821047
1562,125847.052404312
1563,113238.275308441
1564,156951.619914715
1565,127785.654038924
1566,238425.623794022
1567,80859.5205742591
1568,232057.730154283
1569,121403.505559059
1570,136749.917164655
1571,97502.2095050346
1572,136835.447816752
1573,247630.122692587
1574,109376.08485255
1575,229909.093854471
1576,240303.085111767
1577,192378.555017316
1578,153885.090751011
1579,120773.751165359
1580,190271.614081469
1581,156376.032544606
1582,124944.917897176
1583,282369.877543281
1584,222475.316523432
1585,151208.753139124
1586,42278.8045235227
1587,104865.681025064
1588,151359.474943583
1589,98253.3825359027
1590,131521.194059479
1591,60924.501376251
1592,125615.871072653
1593,128670.175404373
1594,130676.493583378
1595,105443.308746832
1596,222724.001385132
1597,162508.838089183
1598,189643.073021683
1599,190611.53584771
1600,188704.686336436
1601,31491.2257074797
1602,110958.578025758
1603,61722.1218463186
1604,267669.391826812
1605,246303.447956176
1606,162186.069894101
1607,158718.253467028
1608,223694.18377501
1609,186882.589595602
1610,144844.095231799
1611,133434.284226538
1612,185046.884914693
1613,153662.466801112
1614,130904.99441662
1615,68313.4267951601
1616,44208.287788623
1617,67080.6130156368
1618,104833.961781805
1619,149124.35539129
1620,153592.637175797
1621,129881.624265282
1622,153653.947528792
1623,259333.741256629
1624,214587.217035231
1625,120508.632839358
1626,177142.960714839
1627,178560.515369477
1628,272263.182380802
1629,175264.034369538
1630,320836.830661427
1631,206700.078495962
1632,221171.376552372
1633,181490.837111801
1634,189319.067079583
1635,188011.299794112
1636,156871.447018904
1637,190254.297802141
1638,209682.0095851
1639,176439.674133194
1640,264876.879012644
1641,178967.879521694
1642,248803.06456654
1643,220410.967477127
1644,225432.364452038
1645,231111.435118572
1646,162816.08472196
1647,158465.205342157
1648,124096.915771887
1649,137736.708521753
1650,98461.6338889829
1651,104626.456573814
1652,106469.844280569
1653,104469.533379389
1654,148937.269990123
1655,141410.14802856
1656,142964.301991932
1657,149400.680945294
1658,152215.026876475
1659,110459.650970163
1660,146759.179510602
1661,412147.383804316
1662,339397.83762829
1663,371208.521956117
1664,431228.614547873
1665,319780.160210364
1666,293006.678857717
1667,345857.394004405
1668,349354.390807712
1669,311204.159140228
1670,340912.922338017
1671,254669.674415871
1672,380378.559104214
1673,279547.684456014
1674,249984.580574652
1675,203301.904335547
1676,207665.708023867
1677,203863.412789274
1678,419988.674304148
1679,341456.284391992
1680,316758.881035509
1681,276371.527063808
1682,285811.361107728
1683,187602.531008152
1684,188383.433476318
1685,193896.546269025
1686,171025.155670311
1687,183513.934592253
1688,202462.138453144
1689,207233.33520398
1690,209917.388810695
1691,200227.473656795
1692,269724.648309601
1693,186184.12409195
1694,181134.792855847
1695,161391.182307683
1696,267617.022187529
1697,159714.455243836
1698,301105.563158149
1699,302504.158147327
1700,239518.973592154
1701,267259.624482126
1702,250430.632164031
1703,238585.423510735
1704,276032.153713461
1705,268740.860004415
1706,385555.391588039
1707,221919.749541415
1708,201194.645365629
1709,258904.857197992
1710,226624.385498033
1711,274956.485018951
1712,245880.016428642
1713,262705.836482648
1714,219204.181308615
1715,208401.046463747
1716,179685.165872778
1717,182050.191823456
1718,129305.399778349
1719,215064.677007311
1720,245350.988595376
1721,177225.954543875
1722,121068.466094794
1723,160755.165602265
1724,209694.625880676
1725,241125.715656406
1726,193718.134944053
1727,153229.980693183
1728,196560.993594265
1729,162422.619711465
1730,167098.160267493
1731,123331.13083872
1732,118272.949462701
1733,103972.091904095
1734,107789.450663511
1735,144870.161971314
1736,95646.5939797435
1737,270135.502003693
1738,230258.817598478
1739,258462.847929394
1740,201902.203317857
1741,188697.262209024
1742,177267.522515213
1743,183345.005625587
1744,315400.685305491
1745,217410.239187308
1746,209639.810126901
1747,222958.469180521
1748,225068.213704657
1749,159316.065341034
1750,137428.221900953
1751,255763.788019144
1752,104679.148374666
1753,146456.970029721
1754,195146.223979176
1755,175423.410942507
1756,117953.021775212
1757,106406.111524062
1758,140862.960695026
1759,154708.981203581
1760,160453.491718646
1761,147367.888519117
1762,174734.030429458
1763,177889.756933879
1764,101458.532245378
1765,180779.350492657
1766,182744.104830698
1767,225181.144512636
1768,141036.142823455
1769,164280.440771926
1770,171433.741149588
1771,101333.396350059
1772,133922.141382453
1773,108200.562172646
1774,136452.424784545
1775,141882.887343471
1776,131737.512176255
1777,115705.64547142
1778,149332.382957011
1779,117030.806572756
1780,174723.940521174
1781,116954.51842683
1782,62311.5978836654
1783,136718.508509651
1784,111479.167018163
1785,129951.455272151
1786,140836.228016875
1787,168472.715295477
1788,72831.9685487477
1789,101239.297207733
1790,41902.2071890572
1791,206047.889632994
1792,151925.898879627
1793,136143.465388764
1794,175821.150404263
1795,132077.696879815
1796,138510.074393685
1797,127732.23129684
1798,108307.225658071
1799,100312.243323613
1800,125829.197587546
1801,114266.249502188
1802,131215.492594358
1803,158316.56877187
1804,141524.297181323
1805,138967.714223061
1806,133947.019838189
1807,162194.143209653
1808,127050.096603782
1809,112363.854982344
1810,146882.594029628
1811,130096.738942694
1812,109863.09724927
1813,124099.544201537
1814,105152.227850107
1815,27349.1883271625
1816,117622.358436482
1817,135176.078690512
1818,195872.153113682
1819,147144.507288767
1820,47197.840281815
1821,135665.744844019
1822,153678.677544263
1823,46652.9382508315
1824,141785.539322369
1825,136706.489506347
1826,102402.392451688
1827,83261.312514275
1828,128171.840887833
1829,143496.331271196
1830,146220.969207669
1831,158709.241490727
1832,74035.8296610328
1833,150672.784840306
1834,127010.791169527
1835,110246.340990779
1836,130055.621653469
1837,78746.9774213884
1838,103136.278091992
1839,125171.91161051
1840,135526.789215057
1841,119301.416415485
1842,90722.6385572825
1843,111669.289548729
1844,133932.342159501
1845,131019.798060253
1846,140549.352938683
1847,159676.445246062
1848,40855.5094270874
1849,113907.798527051
1850,114084.365429855
1851,151353.542222602
1852,129895.052059988
1853,131540.450976712
1854,179625.293197463
1855,163858.14295233
1856,225479.492188696
1857,134556.245171019
1858,146868.592823827
1859,113778.449983811
1860,154902.405482121
1861,112646.642120492
1862,285640.927140872
1863,285158.718078216
1864,285173.289225909
1865,350597.440809392
1866,352108.329020933
1867,230631.809287256
1868,306943.093748456
1869,219439.548895234
1870,231073.882557659
1871,259352.348102871
1872,187441.65113269
1873,233220.648060309
1874,130574.582505504
1875,188054.468207649
1876,186140.132657449
1877,210171.581886943
1878,206640.42378418
1879,122684.099063005
1880,129181.892194462
1881,243406.445179362
1882,250294.513717967
1883,191178.107249026
1884,202588.674273126
1885,237941.162222848
1886,281029.701868488
1887,228838.494540202
1888,263778.57256748
1889,168800.536273812
1890,93717.7713400444
1891,123822.329230585
1892,80824.7017773522
1893,132826.422743172
1894,99105.0538158347
1895,130536.412875974
1896,124273.249221962
1897,98317.1289691941
1898,111097.234297441
1899,155431.713228048
1900,134495.816965706
1901,146702.802006453
1902,119684.673400413
1903,196285.733601119
1904,125267.064253408
1905,185005.847764708
1906,140377.291539008
1907,209125.508467438
1908,108717.641600717
1909,151555.157755364
1910,125323.516651483
1911,195380.288931215
1912,278321.330025682
1913,156571.1894729
1914,57172.3241330981
1915,303305.890774732
1916,3405.67238426997
1917,251914.360383007
1918,136383.200393901
1919,176103.987742629
1920,158491.056684761
1921,362932.613994564
1922,327315.475102443
1923,236833.000978369
1924,201054.82645936
1925,214438.697129601
1926,370737.920979636
1927,131227.018574152
1928,162787.422644783
1929,119621.402594796
1930,133162.83968636
1931,139783.083687952
1932,136714.260167424
1933,175271.472038579
1934,165889.536288824
1935,166759.269700841
1936,182225.815457762
1937,176459.308504506
1938,189526.20513694
1939,238821.223940372
1940,182602.678746046
1941,166695.365987678
1942,193899.581542282
1943,202665.440739443
1944,318538.033516049
1945,355613.042386485
1946,131482.751856994
1947,280703.213928485
1948,167978.770595482
1949,258466.976521205
1950,202858.491063526
1951,273850.122908353
1952,226291.830448202
1953,196320.530836373
1954,193202.916819676
1955,119689.060727475
1956,307627.635095485
1957,152765.790595944
1958,286364.608273783
1959,137517.848731081
1960,100386.013022423
1961,122554.463623441
1962,95035.4503522229
1963,107502.479652625
1964,99690.1613313553
1965,139922.084726204
1966,142914.453282509
1967,282001.1839085
1968,370411.123886689
1969,362142.899865384
1970,351160.758438066
1971,420190.462944395
1972,350500.148903093
1973,296222.582266689
1974,323121.214606387
1975,439193.106372497
1976,267717.350428062
1977,338679.031938085
1978,307415.617191496
1979,310495.687642239
1980,178138.761251981
1981,331965.346301218
1982,208124.632068425
1983,196139.749211376
1984,184425.05046939
1985,218095.774089259
1986,215023.817601311
1987,190050.704096744
1988,183983.351616115
1989,206114.863722218
1990,221950.546685262
1991,214670.871572593
1992,240059.387071803
1993,183826.950910967
1994,238894.500356371
1995,179566.312778946
1996,282168.590790133
1997,307046.555419678
1998,284585.344917856
1999,273033.301353991
2000,297815.382527856
2001,282809.237874977
2002,256785.635514637
2003,261968.204056759
2004,286639.145917123
2005,248291.105559288
2006,209342.783046174
2007,249434.491373431
2008,222504.285608677
2009,204470.886293482
2010,212791.704906218
2011,141658.616924906
2012,180711.129147747
2013,182178.386679971
2014,199834.529904
2015,218629.941678269
2016,199176.44543305
2017,207448.835143652
2018,111239.837099283
2019,131640.112324847
2020,81273.7388537631
2021,94078.2195436353
2022,181972.039871681
2023,150434.4725077
2024,284263.013582075
2025,327001.94651834
2026,175392.031523646
2027,155743.715470244
2028,152238.69824638
2029,168340.422850549
2030,271855.680030638
2031,247536.452267301
2032,263529.809110484
2033,260615.375775129
2034,173907.589438099
2035,206782.781134003
2036,216136.226219847
2037,217904.28439596
2038,319474.870089849
2039,214211.752944271
2040,337775.989193672
2041,299292.932348339
2042,200776.847501298
2043,168085.926467235
2044,173268.675505265
2045,205765.436956276
2046,126247.421466442
2047,131662.098863594
2048,143251.65894996
2049,126507.994802624
2050,177599.854137793
2051,111709.623619022
2052,111773.560873457
2053,141575.914800828
2054,84696.9269146912
2055,174789.24789698
2056,153904.480090114
2057,101983.410368904
2058,213906.389370081
2059,126121.421884995
2060,180192.741173938
2061,177171.83011374
2062,111335.682147819
2063,119674.261194926
2064,116464.748550739
2065,131235.255961496
2066,175114.482478718
2067,111881.170811886
2068,126971.90526128
2069,101484.442716485
2070,110203.325992924
2071,78396.2334691169
2072,146112.383945751
2073,126310.824783969
2074,173974.457982129
2075,142112.924538396
2076,125889.927068037
2077,138300.981252905
2078,105992.839600722
2079,138811.019551979
2080,118977.551668881
2081,120150.338450968
2082,103316.461373411
2083,147795.78523059
2084,94649.4608808756
2085,100536.366398702
2086,119343.669262534
2087,128852.011857317
2088,96356.7080775259
2089,86569.1103564475
2090,131100.838915578
2091,67579.7084223968
2092,136453.722484006
2093,169601.10952803
2094,128279.019604739
2095,134397.493376147
2096,88817.4201372079
2097,115965.259493947
2098,141233.731341833
2099,19861.8713692675
2100,46220.5406483225
2101,115288.135506498
2102,143486.830857953
2103,88345.699492688
2104,148133.010864167
2105,154077.012639398
2106,52254.9104869356
2107,194356.565780608
2108,131393.83091195
2109,99084.8766549588
2110,112658.213642888
2111,164652.029010027
2112,132427.571757896
2113,125537.028739094
2114,125494.657423039
2115,163589.64575846
2116,94222.7351068649
2117,133807.68171305
2118,124383.840037446
2119,105015.629747529
2120,129186.83261655
2121,76455.0272279819
2122,95307.1879724313
2123,81939.1115697627
2124,172407.547839032
2125,141287.984168512
2126,146916.518926689
2127,157817.784124336
2128,152660.158238213
2129,88529.3708828583
2130,120685.939338622
2131,134395.491203526
2132,108321.293770308
2133,115055.990456869
2134,123852.95414889
2135,111325.706960241
2136,47842.1493599892
2137,99797.7956267716
2138,143375.018879493
2139,146026.634513424
2140,142607.7981139
2141,155727.362024798
2142,119818.527972831
2143,143637.796883415
2144,91713.2194482121
2145,131664.09001614
2146,168583.796714656
2147,141710.992915646
2148,146498.789926534
2149,159255.208363395
2150,217322.130459357
2151,128454.80045197
2152,170326.555003953
2153,193628.084439247
2154,101048.411104064
2155,138703.120941902
2156,264775.575445999
2157,236861.244746506
2158,240256.460648067
2159,230466.123025144
2160,187732.840546914
2161,255891.53698601
2162,352059.147014892
2163,365450.937386004
2164,238301.01415557
2165,190362.356252294
2166,146704.234550905
2167,209629.30519762
2168,190737.204191921
2169,200233.643526361
2170,218563.732757008
2171,157392.855742351
2172,129150.680182762
2173,164457.571810723
2174,226815.863066635
2175,271303.478669449
2176,291591.210694886
2177,239146.806316081
2178,226646.098566498
2179,143645.117695697
2180,196426.812913302
2181,202516.7661037
2182,225009.801643379
2183,199520.83831296
2184,112096.614986013
2185,123599.557347131
2186,147108.682435103
2187,161940.006399438
2188,165139.303407473
2189,320825.110403544
2190,59630.7019079827
2191,50567.2321045138
2192,69432.0582022243
2193,115848.301862897
2194,88308.2443918567
2195,102285.018599737
2196,108109.507344864
2197,114108.334157737
2198,163131.420115277
2199,179367.565930519
2200,122875.840442734
2201,133586.068921375
2202,222407.945826189
2203,115369.805645805
2204,151466.798841725
2205,102756.217097135
2206,129943.645359885
2207,184017.23937893
2208,221063.732279756
2209,188887.689687506
2210,123127.982978609
2211,121887.512564899
2212,133774.588714231
2213,103589.584461118
2214,157042.94226604
2215,93291.8448398979
2216,147210.430470448
2217,76651.7835834047
2218,84167.717242684
2219,79119.5499491805
2220,34643.5613632425
2221,304666.050804823
2222,276323.752545053
2223,296986.772866211
2224,216850.594042667
2225,123377.79194433
2226,182947.941248931
2227,225427.799225065
2228,283741.268203976
2229,236556.495380891
2230,138210.752510384
2231,218618.22679173
2232,180377.722091136
2233,196270.136649714
2234,269574.913271216
2235,242766.824138707
2236,250659.319636522
2237,317186.598417467
2238,191733.730713519
2239,116726.990755146
2240,165273.633544323
2241,138473.957648332
2242,114024.642068362
2243,125145.20931453
2244,104932.451941383
2245,97907.3961630577
2246,142734.786732398
2247,110459.161500758
2248,108915.760043734
2249,114093.137118779
2250,120675.392746253
2251,89122.3663314357
2252,179722.733721709
2253,146603.349247033
2254,173655.243624497
2255,186735.959707288
2256,190564.401027027
2257,198912.661028651
2258,167067.244223556
2259,177248.662526796
2260,111036.090931589
2261,192400.542704679
2262,201606.406080009
2263,349721.208411969
2264,411448.598537277
2265,146161.99396802
2266,268495.953022251
2267,329905.377218765
2268,371989.149748519
2269,160075.130030268
2270,209726.140336202
2271,226613.739272242
2272,256409.456977999
2273,171204.054145154
2274,182732.247486278
2275,159489.918249873
2276,200059.180355322
2277,189784.963659449
2278,146776.615595008
2279,118019.365304986
2280,102178.892598524
2281,171141.341325494
2282,183575.534501298
2283,115552.050692485
2284,124031.41808477
2285,139260.564502169
2286,116959.849830974
2287,358028.120077695
2288,274980.434814927
2289,288992.292734696
2290,390116.071717918
2291,316323.843840736
2292,386095.451956536
2293,407674.873677309
2294,345297.220846747
2295,433634.760573223
2296,236819.078701084
2297,345975.701877554
2298,345892.640687994
2299,334651.177835288
2300,299297.799865045
2301,317433.789457338
2302,243377.267965906
2303,240369.314088567
2304,230709.385013481
2305,206592.942432669
2306,205113.015363236
2307,214026.104558438
2308,214588.290406524
2309,302092.573355897
2310,198105.877298612
2311,208360.76770225
2312,199237.43282078
2313,181143.787925364
2314,188607.099064263
2315,187850.306197679
2316,213401.676492582
2317,195010.799120709
2318,196291.269572998
2319,194977.010402508
2320,184274.375116451
2321,236396.202948415
2322,199892.012204794
2323,192303.722568948
2324,195065.322544281
2325,220502.856107985
2326,185402.957630766
2327,207284.323341449
2328,228130.384485916
2329,188893.759199289
2330,180239.774173957
2331,315376.562629425
2332,357951.039790482
2333,294059.701038428
2334,248228.834998728
2335,278211.681592625
2336,289451.044831837
2337,194021.049791974
2338,246752.825607986
2339,227219.737258799
2340,394958.210994864
2341,217758.407784166
2342,241047.777486352
2343,228450.895254584
2344,225647.655094076
2345,228336.77350844
2346,205448.030395664
2347,190085.03706681
2348,240088.044676142
2349,179859.127198951
2350,308867.103923461
2351,265764.536479924
2352,250414.296703679
2353,247352.81157079
2354,125546.718324931
2355,147156.05751109
2356,165449.03986947
2357,202624.215035488
2358,204815.492052505
2359,111904.757536585
2360,119861.444594932
2361,131703.935540573
2362,263819.759761173
2363,164274.205518123
2364,189031.077645232
2365,223423.377689579
2366,187370.356469547
2367,216351.326053166
2368,206211.860903751
2369,206784.874923406
2370,165046.24197128
2371,164115.26456474
2372,193099.556948117
2373,291518.30797264
2374,298080.204434039
2375,227107.472552587
2376,294946.316508856
2377,317617.242284276
2378,141296.159107835
2379,220581.660689202
2380,162432.565852522
2381,166392.150604614
2382,219164.462595045
2383,202014.454923687
2384,248796.320414364
2385,171923.763012233
2386,129721.542019828
2387,131784.552564324
2388,111273.822255666
2389,118449.901930393
2390,151622.553843952
2391,123733.714678085
2392,103699.724565277
2393,168277.209427037
2394,124229.679331151
2395,200281.16421598
2396,143400.521836643
2397,209662.091992063
2398,114043.395180235
2399,73011.0881923448
2400,68022.3578600306
2401,116050.85881572
2402,139071.76867533
2403,130858.569217888
2404,144632.938405078
2405,163223.095384792
2406,137123.830227979
2407,127445.771738608
2408,151329.118321151
2409,106495.930199868
2410,184238.083049943
2411,103626.438408518
2412,153974.92855868
2413,119603.218208617
2414,157315.681086347
2415,132984.030634089
2416,133709.872196745
2417,123011.857645052
2418,122930.807811162
2419,128933.889159822
2420,116120.103822504
2421,127115.118630463
2422,101604.420846101
2423,133448.938757311
2424,142220.253040641
2425,192149.748844058
2426,126386.818877682
2427,135277.955255439
2428,181563.421825371
2429,94221.5595027848
2430,126374.074987914
2431,92810.1551539297
2432,138635.384419928
2433,135469.87187387
2434,127362.895779709
2435,148521.608156964
2436,103272.655499483
2437,101921.81201002
2438,115670.751835148
2439,104413.919263058
2440,131243.232887742
2441,134050.604177514
2442,98415.7738066138
2443,144894.221427648
2444,116490.764522962
2445,98707.5370015246
2446,132908.249377062
2447,205032.540808301
2448,136201.301676771
2449,115546.931336739
2450,164648.581424265
2451,113461.512633386
2452,199978.333684265
2453,93473.3784458332
2454,107583.477562895
2455,113288.38502731
2456,162755.577434728
2457,120929.050581874
2458,125104.239854293
2459,109647.004919497
2460,145995.943159067
2461,127113.32163733
2462,125204.828607787
2463,144493.816187627
2464,172200.997262601
2465,130082.626524998
2466,126738.774343646
2467,156940.363720743
2468,88935.6917836986
2469,89878.3341195971
2470,191429.493606835
2471,211837.863438522
2472,163666.229023027
2473,116188.723052669
2474,79498.2042544698
2475,212202.236117079
2476,108048.563875032
2477,110797.046664822
2478,151483.141167989
2479,102632.538488037
2480,144302.510228536
2481,131030.14766487
2482,125212.61439956
2483,96562.7698153986
2484,129307.443156434
2485,126907.222435626
2486,135994.628056219
2487,203496.755548895
2488,175046.547850053
2489,151116.526753863
2490,139209.979020642
2491,105431.340220522
2492,182145.223660845
2493,155747.08998568
2494,149367.234747856
2495,83337.0796587439
2496,238670.227583972
2497,160390.999275654
2498,89262.6712529426
2499,79247.1243421645
2500,109516.154197078
2501,150502.629806404
2502,144798.804724376
2503,114052.95359399
2504,165786.505130311
2505,225973.778470602
2506,262411.726246389
2507,277897.926522989
2508,266508.11277159
2509,223416.378284275
2510,216455.172124135
2511,185744.450170477
2512,209456.343117146
2513,242367.465631529
2514,282742.063272733
2515,134847.957119612
2516,177414.155078781
2517,131343.562709246
2518,144361.512523123
2519,230042.398192103
2520,218725.294753185
2521,198178.497088825
2522,224518.152605698
2523,116156.641796727
2524,135661.409082714
2525,131397.559422289
2526,145425.974441091
2527,127354.057308155
2528,115570.019185921
2529,133688.892129214
2530,120059.825832504
2531,236100.205090624
2532,225943.783313181
2533,205197.415179498
2534,249659.205743971
2535,271984.868072726
2536,232920.419706636
2537,239493.914224276
2538,190238.608458326
2539,206878.356789834
2540,180773.74039365
2541,192195.476506937
2542,169654.841328588
2543,112629.698902201
2544,108724.91443211
2545,141587.209408023
2546,135245.45931415
2547,144116.086203526
2548,165416.098945151
2549,147827.955515337
2550,619457.672832058
2551,144417.174518933
2552,139113.189244603
2553,68981.9030844217
2554,72643.4344323817
2555,108551.609185951
2556,82689.3901937587
2557,89734.9331873623
2558,151638.234388603
2559,120952.185175292
2560,134563.072317904
2561,145099.308923894
2562,124522.663629017
2563,131114.899614642
2564,188854.275730213
2565,109100.745588029
2566,128550.0860219
2567,98557.5412770137
2568,172734.222422514
2569,196192.572249202
2570,123969.61254081
2571,162857.909801326
2572,160322.410519324
2573,204388.79867662
2574,269457.485652976
2575,146541.121474361
2576,126741.915734995
2577,158305.374996793
2578,82727.2353261052
2579,33290.3555605199
2580,89704.6529975997
2581,108020.806891977
2582,143385.288242741
2583,262416.925389966
2584,181051.521696738
2585,189177.457459552
2586,225311.830743019
2587,202699.73952969
2588,141488.021632319
2589,163010.845902151
2590,227817.361727845
2591,259136.596254646
2592,210556.293764954
2593,253388.620192875
2594,196640.92772738
2595,230466.884161666
2596,309066.675906705
2597,204167.24128433
2598,273991.238243993
2599,337065.515832379
2600,156171.616168167
2601,150232.311068057
2602,65924.1394171952
2603,90920.8955017028
2604,64798.5158931825
2605,59557.5206365841
2606,152631.123144373
2607,213254.763636732
2608,207974.206278063
2609,170270.283158203
2610,106526.912177636
2611,111346.856173705
2612,154736.984564669
2613,136057.647938058
2614,109375.441899227
2615,170210.246750173
2616,165628.070433706
2617,192452.477465496
2618,245460.882982635
2619,207282.016138061
2620,176043.420170757
2621,175061.448448914
2622,186685.147841911
2623,229387.066522375
2624,284299.660010541
2625,260977.703540952
2626,171597.639952167
2627,161541.425011541
2628,395177.394713623
2629,431335.232534903
2630,319811.984106972
2631,426591.814558236
2632,368140.158944174
2633,268666.491241148
2634,374265.418671506
2635,168202.591585108
2636,181598.635549723
2637,215759.098666987
2638,260266.561387236
2639,188496.005609996
2640,152614.59596239
2641,86927.7561171397
2642,184827.897501398
2643,108528.139231233
2644,109263.118207603
2645,109215.485813743
2646,100751.151160191
2647,112335.03563802
2648,138600.212202662
2649,156524.876475116
2650,135760.988307246
2651,143786.448199828
2652,365802.742705522
2653,242606.893604345
2654,249465.336892836
2655,369977.750852305
2656,314353.409095329
2657,346853.951358324
2658,305194.021470668
2659,297519.304716546
2660,340357.954234343
2661,327927.63510086
2662,358503.864913542
2663,262324.70353973
2664,292596.694989691
2665,315544.91831047
2666,287320.585717124
2667,185161.756202892
2668,194135.23379026
2669,189287.310677931
2670,276504.250776581
2671,196907.046801466
2672,197346.366103989
2673,203417.679827618
2674,204796.528279872
2675,167250.085482816
2676,214354.493630771
2677,199671.724468229
2678,254480.203499216
2679,260371.204886845
2680,271531.684835344
2681,387362.464457472
2682,303147.387364444
2683,438114.341218894
2684,300747.420383901
2685,311015.767567052
2686,251158.824332837
2687,285475.260774151
2688,212621.415099713
2689,204113.693120539
2690,360975.529508653
2691,190220.632038748
2692,131445.387218019
2693,207600.516055061
2694,138817.85401174
2695,205671.434633657
2696,196006.523375301
2697,180898.313470242
2698,222003.184346937
2699,175803.362408449
2700,155238.861159936
2701,165498.098473925
2702,113305.344105411
2703,159483.017551406
2704,135106.460487408
2705,105977.318403739
2706,101219.452345871
2707,131920.549318054
2708,115080.742736828
2709,102871.352950412
2710,117838.745545816
2711,282680.612273049
2712,353416.043247396
2713,166370.043647916
2714,155030.448374123
2715,172520.140848882
2716,147132.378141985
2717,193911.403609249
2718,222916.551438827
2719,149348.776657892
2720,197198.752243036
2721,129468.477841672
2722,174630.164512008
2723,166998.983699704
2724,121644.612584121
2725,124135.821077537
2726,128938.873793461
2727,152869.328499598
2728,182227.180518784
2729,135870.67688304
2730,136678.697425413
2731,129755.511256847
2732,122772.400038936
2733,145940.667904943
2734,146807.213540612
2735,139073.018207357
2736,119258.631186349
2737,105429.049195264
2738,123431.797420616
2739,151078.099815445
2740,139191.00109193
2741,152995.579439726
2742,171202.465160022
2743,145737.385637236
2744,156852.658316779
2745,144973.064250254
2746,117022.066369372
2747,180697.45130805
2748,110768.104396726
2749,127614.707944629
2750,104866.678998284
2751,119881.995293034
2752,210812.706843818
2753,127899.561111587
2754,194722.023148861
2755,136361.468688775
2756,72027.7673959732
2757,63016.6663950963
2758,109616.471147711
2759,156588.955634388
2760,132446.301748631
2761,140493.734550526
2762,124726.104558286
2763,189024.89119624
2764,177927.503864522
2765,266290.733667391
2766,122257.192065435
2767,61180.6324856383
2768,96154.5318858493
2769,122579.187041862
2770,150330.550797751
2771,97467.6865271681
2772,91528.1573002203
2773,190808.095375663
2774,159505.405726283
2775,130736.021287175
2776,152644.857841297
2777,152370.236041087
2778,135529.436313681
2779,134754.122689764
2780,88415.9190787814
2781,89681.2617614066
2782,86166.6076640461
2783,95935.8810589772
2784,116524.211538947
2785,138937.66256003
2786,78620.6895651277
2787,143586.419359781
2788,67094.9545768038
2789,175816.256739957
2790,93783.1513841031
2791,106931.09420471
2792,72737.1837165998
2793,155947.963598699
2794,88126.1600697324
2795,127564.042000203
2796,78907.7201483017
2797,219047.328414119
2798,124396.4389137
2799,137846.497219677
2800,53340.8242340814
2801,107196.90806199
2802,145378.880249525
2803,154992.650985723
2804,129918.371110593
2805,110336.243708252
2806,80100.8601459784
2807,168618.118020051
2808,162473.17573834
2809,123602.604599206
2810,115302.409943019
2811,171688.017354353
2812,155801.858630085
2813,151231.584875573
2814,137435.850478103
2815,105701.639177853
2816,232284.61612897
2817,154934.740861346
2818,132401.626864744
2819,191277.288170296
2820,126973.143735419
2821,107348.269667549
2822,190846.427591152
2823,289167.262328267
2824,154011.69677288
2825,152943.383444825
2826,141787.970041655
2827,134791.437349053
2828,248934.040431526
2829,234155.379526914
2830,212838.867318415
2831,195318.820191224
2832,234177.571219859
2833,296943.542309262
2834,218296.746612122
2835,218169.106391841
2836,215628.81803538
2837,154338.358857925
2838,125897.289285434
2839,184163.880222309
2840,190707.393205363
2841,209992.15358256
2842,231999.664687255
2843,162168.428041957
2844,170467.693477401
2845,104838.639787221
2846,211718.533351834
2847,199611.828380813
2848,225397.430598751
2849,205223.589527541
2850,288446.252023284
2851,227178.938565923
2852,234614.140356404
2853,236239.944506505
2854,155788.111822449
2855,208072.60599293
2856,202185.866822723
2857,202447.622424886
2858,211722.402820226
2859,96777.15902391
2860,122187.140157594
2861,125811.785385628
2862,216448.74821599
2863,140022.84913744
2864,256979.642519288
2865,129269.281292203
2866,162906.389985708
2867,103789.046014251
2868,113554.717105159
2869,94651.9256992458
2870,108807.400699306
2871,73803.057549894
2872,12802.6631259746
2873,88805.9003307956
2874,180261.551787024
2875,113175.500261092
2876,187390.882562031
2877,130723.59798803
2878,146248.690160417
2879,126027.872670399
2880,115528.228667834
2881,109664.854608546
2882,165350.209523521
2883,190943.647793022
2884,184974.13524402
2885,165915.024816189
2886,222379.037542765
2887,109898.491865271
2888,148649.353885777
2889,40373.0930068895
2890,86328.6143389356
2891,151196.684198734
2892,28863.6690069094
2893,83772.7856648452
2894,17211.2624115138
2895,317890.412465703
2896,272723.132531512
2897,228344.958300553
2898,148386.819913048
2899,234051.628091867
2900,147225.235395138
2901,226485.818095102
2902,213069.620392382
2903,316858.601593757
2904,341877.418159857
2905,66287.695065519
2906,205200.149235678
2907,107544.992013454
2908,120109.265298752
2909,141105.822988786
2910,70238.4885283876
2911,53808.0630283241
2912,159544.348625989
2913,59225.4663821302
2914,55146.2457978455
2915,64649.2451932761
2916,59068.1368483749
2917,140227.018147681
2918,109695.451197624
2919,240549.973897246
