rooms,Elitka,area,heating,floor,price
1,1,48,1,12,39999
4,0,63,1,6,63000
1,0,32,1,6,38500
3,0,61,1,3,52000
3,0,68,1,7,68000
2,0,35,0,2,35000
2,1,80,1,2,59000
3,1,140,1,10,90000
2,0,47,0,1,22000
2,1,75,1,2,31000
2,1,68,1,1,44400
3,0,95,1,1,57000
3,1,99,1,3,62000
4,1,104,1,8,108000
1,0,10,1,8,7200
1,0,10,1,6,7300
1,0,33,0,2,7300
1,0,11,1,4,7700
1,0,18,1,1,9500
1,0,18,1,1,9500
1,0,35,0,2,9500
1,0,14,1,4,9500
1,0,35,0,2,10000
1,0,16,1,8,10000
1,0,16,1,8,10000
1,0,18,1,1,10000
1,0,19,1,1,11000
1,0,13,1,9,11000
1,0,14,1,5,11000
1,0,15,1,6,11000
1,0,14,1,8,11000
1,0,26,0,1,11500
2,0,18,1,7,11500
1,0,14,1,4,11500
1,0,18,1,4,11499
1,0,23,1,2,11500
1,0,17,1,8,11500
1,0,23,1,2,11500
1,0,23,1,2,11500
1,0,16,1,3,11700
1,0,18,1,5,12000
1,0,12,1,3,12000
1,0,32,0,2,12000
1,0,18,1,6,12200
1,0,18,1,3,12400
1,0,18,1,6,12500
1,0,15,1,7,12500
1,0,19,1,7,12500
1,0,18,1,7,12500
1,0,16,1,5,12700
1,0,22,1,2,12700
1,0,19,1,5,13000
1,0,13,1,6,13000
1,0,24,1,1,13000
1,0,19,1,6,13500
1,0,22,1,5,13500
1,0,31,0,1,13500
1,0,18,1,8,13500
1,0,18,1,3,13500
1,0,13,1,7,13500
1,0,35,0,2,14000
2,0,80,0,2,14000
1,0,18,1,4,14000
1,0,33,0,1,14000
1,0,12,1,3,14000
3,0,61,0,2,14000
1,0,18,1,7,14000
1,0,16,1,9,14000
1,0,18,1,3,14000
1,0,16,1,7,14700
1,0,17,1,3,14500
3,0,57,0,1,14500
1,0,24,1,7,14700
2,0,26,1,1,15000
1,0,12,1,4,15000
1,0,35,0,1,15000
2,0,60,0,1,15000
1,0,15,1,9,15000
1,0,23,1,3,15000
1,0,22,1,9,15000
1,0,24,1,4,16000
1,0,30,1,2,16000
1,0,25,1,5,15500
1,0,20,1,6,16000
1,0,51,0,1,16000
1,0,32,1,1,16000
1,0,33,1,2,16000
1,0,34,1,1,16000
1,0,24,1,4,16500
1,0,21,1,8,16500
1,0,22,1,5,16500
1,0,19,1,7,16500
1,0,31,1,2,16500
1,0,37,0,2,16500
1,0,21,1,5,17000
1,0,37,1,2,17000
2,0,43,0,2,17000
3,0,60,0,1,17000
1,0,36,1,1,17000
1,0,36,1,1,17000
1,0,24,1,7,17000
1,0,24,1,4,17000
2,0,22,1,3,17000
1,0,15,1,6,17000
3,0,58,0,2,17000
1,0,18,1,7,17000
1,0,18,1,3,17000
1,0,22,1,6,17000
1,0,25,1,7,17500
1,0,30,1,1,17500
1,0,31,1,1,17500
1,0,24,1,5,17700
1,0,29,1,5,18000
1,0,24,1,4,18000
1,0,30,1,2,18000
3,0,47,0,1,18000
1,0,NA,1,1,18000
2,0,32,1,2,18000
1,0,21,1,1,18000
1,0,21,1,4,18500
1,0,38,1,1,18500
1,1,37,1,1,18500
1,0,25,1,5,18500
1,0,37,1,2,18500
1,0,27,1,3,18500
1,1,46,0,2,19000
1,0,24,1,8,18500
1,0,26,1,5,18750
2,0,54,0,1,19000
1,0,24,1,9,19000
2,0,49,0,2,19000
2,0,49,0,1,19000
3,0,72,0,2,19000
1,0,26,1,6,19000
1,1,32,1,1,19000
1,0,24,1,5,19000
1,1,21,1,10,19092
1,0,38,1,1,19400
3,0,55,0,2,19500
1,0,27,1,6,19500
1,0,27,1,4,19500
3,0,27,1,8,19500
1,0,30,1,3,19500
1,0,32,1,9,19500
2,0,45,0,1,19500
1,0,26,1,4,19500
1,0,32,1,5,19500
2,0,38,1,1,20000
2,0,65,0,2,20000
1,0,28,1,8,20000
2,0,43,1,1,20000
1,0,27,1,8,20000
1,0,27,1,4,20000
1,0,27,1,5,20000
1,0,31,1,6,20000
1,0,32,1,9,20000
1,0,42,1,2,20000
1,0,32,1,5,20000
1,0,34,1,2,20000
2,0,42,1,1,20000
2,0,46,0,1,20000
1,0,31,1,8,20000
1,0,37,1,1,20000
1,0,37,1,1,20000
1,0,37,1,2,20000
1,0,43,1,2,20000
1,0,43,1,1,20000
1,0,38,1,1,20000
1,0,38,1,1,20100
1,0,25,1,5,20350
1,0,30,1,9,20500
1,0,31,1,3,20500
1,0,48,0,1,20500
1,0,26,1,3,20500
1,0,48,0,2,20500
1,0,32,1,8,20500
1,0,44,1,1,20700
1,0,32,1,4,21000
1,0,30,1,5,21000
1,0,24,1,3,21000
1,0,38,1,1,21000
1,0,38,1,1,21000
1,1,35,1,1,21000
1,0,30,1,9,21000
1,0,32,1,8,21000
1,0,30,1,9,21000
1,0,32,1,4,21000
1,0,29,1,6,21000
1,0,32,1,8,21000
1,0,19,1,8,21000
1,0,21,1,8,21200
1,0,22,1,3,21500
2,0,23,1,9,21500
1,0,33,1,6,21500
1,0,38,1,2,21500
1,0,21,1,9,21500
1,0,30,1,4,21500
2,0,42,1,2,21500
1,0,30,1,7,21500
1,0,28,1,9,21800
1,0,44,1,2,21800
1,0,40,1,2,22000
1,0,35,1,4,22000
1,0,35,1,5,22000
1,0,35,1,6,22000
1,0,31,1,5,22000
1,0,40,1,1,22000
3,0,100,0,1,22440
1,0,30,1,8,22500
1,0,30,1,6,23000
2,0,50,1,2,23000
1,0,46,1,1,23000
2,1,45,1,1,23000
2,0,44,1,2,23000
1,0,25,1,6,23000
1,0,32,1,6,23000
1,0,36,1,5,23000
1,1,38,1,6,23000
1,0,25,1,8,23000
1,0,35,NA,6,23000
2,0,52,0,2,23000
1,0,41,1,2,23000
1,0,30,1,5,23000
1,0,38,1,5,23000
1,0,30,1,7,23000
1,0,43,1,2,23000
2,0,46,1,2,23000
2,0,40,1,2,23000
1,0,37,1,3,23000
1,1,40,1,2,23000
1,0,32,1,6,23200
1,0,35,1,7,23500
1,0,29,1,6,23500
1,0,34,1,5,23500
1,0,30,1,5,23500
1,0,31,1,6,23500
1,0,30,1,5,23500
1,0,31,1,4,23500
1,0,18,1,3,23500
1,1,43,1,1,23500
1,0,31,1,6,23500
1,0,23,1,3,23500
1,0,40,1,1,23500
1,0,47,1,1,23500
2,0,39,1,7,23500
2,0,45,1,2,23500
1,0,38,1,5,23500
1,0,39,1,6,23500
1,0,45,1,1,23500
1,0,43,1,1,23500
1,0,44,1,1,23500
1,1,25,1,7,23500
1,0,34,1,3,23500
1,0,25,1,8,24000
1,0,38,1,5,24000
2,0,80,0,2,24000
1,1,37,1,6,24000
1,1,37,1,4,24000
2,0,39,1,7,24000
1,0,30,1,6,24000
1,0,32,1,8,24000
2,0,39,1,9,24000
2,0,32,1,7,24000
1,0,50,1,2,24000
1,0,39,1,5,24000
2,0,39,1,5,24000
1,1,48,1,1,24000
2,0,49,1,1,24000
1,0,35,1,9,24000
1,0,45,1,2,24000
2,0,54,0,2,24000
1,0,30,1,7,24500
1,0,32,1,5,24500
1,0,33,1,9,24500
2,0,45,1,1,24500
1,0,40,1,6,24500
1,0,40,1,9,24500
1,0,39,1,7,24500
1,0,30,1,4,24500
1,1,41,1,1,24500
1,1,41,1,1,24500
1,1,43,1,1,24500
1,0,35,1,4,24500
3,0,64,0,2,24500
1,0,35,1,10,24600
1,0,29,1,7,24600
3,0,64,0,2,24940
1,0,39,1,7,25000
1,0,37,1,9,25000
1,0,32,1,7,25000
1,0,32,1,8,25000
1,1,56,0,1,25000
1,0,24,1,7,25000
1,0,29,1,4,25000
1,0,28,1,6,25000
1,0,35,1,9,25000
1,0,30,1,6,25000
1,0,30,1,9,25000
2,0,33,1,3,25000
2,0,44,1,1,25000
2,0,45,1,1,25000
2,0,39,1,6,25000
3,0,49,1,1,25000
2,0,60,0,1,25000
1,0,33,1,7,25000
1,0,35,1,4,25200
1,0,40,1,6,25200
1,0,32,1,6,25400
1,0,36,1,4,25500
1,0,42,1,7,25500
1,0,39,1,3,25500
1,0,42,1,6,25500
1,0,34,1,10,25500
1,0,38,1,3,25500
1,1,35,1,6,25500
1,0,42,1,5,25500
1,0,34,1,9,25500
1,0,42,1,6,25500
2,0,42,1,4,25500
2,0,41,1,3,25500
1,0,30,1,5,25500
1,0,44,1,2,25500
1,1,32,1,11,25500
1,0,44,1,1,25500
2,0,44,1,2,25500
2,0,42,1,8,25500
1,0,45,1,1,25500
2,0,44,1,1,25500
1,0,45,1,2,25500
1,NA,36,1,4,25500
1,1,49,1,2,25500
1,1,44,1,2,25600
1,0,36,1,9,25700
1,0,35,1,7,25700
1,0,31,1,5,25800
1,0,30,1,5,26000
1,0,31,1,9,26000
1,0,30,1,7,26000
1,0,34,1,8,26000
1,0,53,1,1,26000
1,0,53,1,1,26000
1,0,40,1,9,26000
1,0,31,1,9,26000
1,1,51,1,2,26000
1,0,35,1,3,26000
3,0,63,0,1,26000
1,0,39,1,3,26000
1,0,32,1,9,26000
1,0,34,1,8,26000
1,1,31,1,4,26000
1,0,35,1,4,26000
1,0,37,1,4,26000
1,0,35,1,9,26000
2,0,67,0,1,26000
2,0,40,1,9,26000
2,0,39,1,3,26000
2,0,43,1,4,26000
2,0,43,1,4,26000
1,0,30,1,3,26000
1,0,31,1,6,26000
1,0,40,1,7,26000
1,0,42,1,6,26000
1,0,30,1,5,26000
1,0,35,1,8,26000
1,0,39,1,8,26000
1,0,34,1,8,26000
2,0,41,1,8,26000
1,0,34,1,4,26000
1,0,45,1,2,26000
1,0,33,1,6,26500
1,0,30,1,4,26500
1,1,32,1,4,26500
1,1,33,1,3,26500
1,1,44,1,4,26500
1,1,45,1,2,26500
1,0,45,1,2,26500
1,0,32,1,6,26500
1,0,30,1,4,26500
1,0,30,1,5,26500
1,0,35,1,6,26500
1,0,30,1,6,26500
1,0,33,1,3,26500
1,0,32,1,6,26500
1,1,44,1,4,26500
1,1,32,1,10,26500
1,0,44,1,4,26500
1,0,45,1,2,26500
1,0,33,1,8,26500
1,0,35,1,9,26500
1,0,45,1,1,26500
3,0,52,1,2,26500
1,0,39,1,4,26500
1,0,42,1,7,26500
1,0,43,1,9,26500
1,0,33,1,6,26500
2,1,42,1,3,26500
1,0,33,1,4,26500
2,0,46,1,1,26500
1,0,30,1,5,26500
2,0,42,1,8,26600
1,0,34,1,6,26700
1,0,27,1,9,26800
1,0,30,NA,3,26900
1,1,37,1,9,27000
1,0,30,1,4,27000
1,0,30,1,4,27000
1,0,30,1,7,27000
1,0,42,1,8,27000
1,1,42,1,9,27000
1,0,36,1,8,27000
2,1,55,1,2,27000
2,0,42,1,4,27000
1,1,44,1,4,27000
1,0,40,1,9,27000
2,0,48,1,2,27000
1,0,39,1,8,27000
2,1,44,1,4,27000
2,0,34,1,7,27000
1,0,30,1,5,27000
2,0,41,1,3,27000
2,0,48,1,2,27000
1,0,35,1,7,27000
1,0,32,1,4,27000
1,0,40,1,3,27000
1,0,42,1,7,27000
1,0,44,1,11,27000
1,0,33,1,5,27000
1,0,45,1,1,27000
1,1,46,1,2,27000
1,0,39,1,8,27000
3,0,62,0,1,27000
1,0,34,1,9,27000
2,0,50,1,2,27000
2,0,43,1,8,27000
2,0,56,1,2,27000
2,0,50,1,2,27000
1,0,33,1,4,27000
1,0,34,1,5,27000
1,0,33,1,7,27000
1,0,34,1,7,27000
2,0,45,1,1,27000
3,0,74,0,1,27000
1,0,30,1,4,27000
1,0,32,1,4,27000
1,0,37,1,6,27000
1,1,45,1,2,27000
1,0,32,1,4,27000
1,0,31,1,9,27000
1,1,46,1,2,27200
2,0,31,1,5,27200
1,0,30,1,5,27200
1,0,32,1,4,27300
1,0,31,1,4,27500
1,0,32,1,6,27500
1,0,32,1,5,27500
1,0,32,1,4,27500
1,1,44,1,5,27500
1,0,30,1,5,27500
1,0,32,1,4,27500
1,0,29,1,7,27500
2,0,50,1,1,27500
1,0,34,1,4,27500
1,0,30,1,3,27500
1,0,30,1,8,27500
1,0,30,1,8,27500
1,0,35,1,3,27500
1,0,30,1,5,27500
1,0,40,1,9,27500
3,1,70,0,2,27500
2,0,47,1,1,27500
2,1,50,1,1,27500
1,1,32,1,6,27500
1,1,44,1,6,27500
1,1,33,1,9,27500
1,0,34,1,9,27500
1,0,36,1,9,27500
1,0,30,1,9,27500
1,1,43,1,4,27500
1,0,31,1,3,27500
2,0,35,1,6,27500
1,0,48,1,2,27700
2,1,51,1,1,27800
2,0,50,1,1,27800
1,0,31,1,9,27900
NA,1,40,1,9,28000
1,1,45,1,3,28000
2,0,44,1,5,28000
2,0,41,1,6,28000
1,0,31,1,5,28000
2,0,45,1,6,28000
1,1,45,1,8,28000
1,0,38,1,4,28000
1,0,31,1,4,28000
1,0,32,1,7,28000
2,0,50,1,2,28000
1,1,43,1,5,28000
1,0,34,1,5,28000
1,0,28,1,7,28000
3,1,71,0,1,28000
2,0,43,1,9,28000
2,0,42,1,4,28000
1,0,39,1,6,28000
1,0,38,1,3,28000
2,0,55,1,1,28000
1,1,43,1,8,28000
1,0,30,1,5,28000
1,0,45,1,6,28000
1,0,40,1,9,28000
1,0,30,1,7,28000
1,0,30,1,3,28000
1,0,31,1,6,28000
1,0,32,1,7,28000
1,0,31,1,3,28000
2,0,49,1,1,28000
1,0,43,1,8,28000
1,0,32,1,5,28000
1,0,42,1,8,28000
2,0,60,1,2,28000
2,0,60,1,2,28000
2,0,42,1,5,28000
3,0,80,0,2,28000
2,0,39,1,6,28000
2,0,41,1,7,28000
2,0,49,1,2,28000
3,0,72,0,2,28000
1,1,30,1,6,28000
2,1,50,1,2,28000
3,0,71,0,2,28000
2,0,50,1,1,28000
2,0,43,1,3,28000
2,1,45,1,6,28000
1,0,36,1,8,28000
2,0,60,1,1,28000
1,0,34,1,5,28000
3,0,40,1,8,28000
1,0,33,1,7,28000
1,0,37,1,9,28500
2,1,44,1,4,28500
1,0,35,1,7,28500
1,0,36,1,3,28500
1,0,30,1,6,28500
2,0,54,1,1,28500
2,0,32,1,4,28500
1,0,34,1,9,28500
1,0,32,1,8,28500
1,1,35,1,6,28500
1,0,37,1,5,28500
1,0,32,1,8,28500
1,0,35,1,7,28500
1,0,30,1,6,28500
1,0,33,1,5,28500
2,1,42,1,8,28500
1,1,34,1,4,28500
1,1,34,1,6,28500
2,0,54,1,1,28500
1,1,44,1,9,28500
1,0,30,1,3,28500
1,0,31,1,6,28500
1,0,32,1,3,28500
1,1,30,1,10,28500
1,1,44,1,3,28500
1,1,44,1,9,28500
1,1,40,1,9,28500
2,0,39,1,3,28500
2,0,50,1,1,28500
1,0,43,1,4,28500
1,0,33,1,8,28500
1,0,48,1,1,28500
1,0,35,1,9,28500
1,0,45,1,9,28500
1,0,43,1,8,28500
1,0,38,1,3,28500
1,0,45,1,9,28500
2,0,52,1,2,28500
1,1,35,1,3,28500
1,0,34,1,4,28500
1,0,34,1,7,28500
1,1,48,1,1,28500
1,1,45,1,8,28500
1,1,30,1,9,28500
1,1,35,1,5,28500
1,0,37,1,6,28500
1,0,37,1,4,28500
1,0,45,1,6,28500
1,0,43,1,5,28600
2,0,55,1,1,28700
1,0,45,1,4,28700
1,0,32,1,8,28700
1,0,42,1,8,28800
1,0,34,1,8,28800
1,1,32,1,10,29000
1,0,32,1,8,29000
1,0,32,1,6,29000
1,0,35,1,6,29000
1,1,35,1,9,29000
1,1,32,1,7,29000
2,0,30,1,8,29000
1,0,30,1,8,29000
1,0,36,1,4,29000
1,0,30,1,4,29000
1,0,42,1,3,29000
1,0,34,1,5,29000
1,0,48,1,9,29000
3,0,60,1,1,29000
1,0,43,1,4,29000
1,0,34,1,6,29000
1,0,36,1,9,29000
1,0,36,1,3,29000
2,0,45,1,3,29000
1,1,40,1,3,29000
2,0,43,1,3,29000
2,0,48,1,9,29000
3,0,58,1,1,29000
3,0,69,0,2,29000
1,0,40,1,6,29000
2,0,34,1,3,29000
2,0,42,1,7,29000
3,0,71,0,1,29000
1,1,35,1,7,29000
3,0,64,1,2,29000
2,0,51,1,1,29000
1,1,36,1,6,29000
1,0,30,1,8,29000
2,0,30,1,4,29000
1,0,32,1,3,29111
1,0,34,1,5,29200
1,0,30,1,4,29200
2,0,45,1,5,29200
1,0,32,1,6,29200
1,0,35,1,3,29200
1,0,32,1,5,29200
2,0,42,1,4,29200
2,0,42,1,7,29200
1,1,42,1,8,29200
2,0,42,1,3,29200
2,1,56,1,1,29250
1,0,36,1,5,29300
2,0,48,1,4,29300
1,1,35,1,9,29400
2,0,45,1,4,29500
1,1,32,1,5,29500
1,1,32,1,4,29500
1,1,33,1,4,29500
1,1,33,1,4,29500
1,1,30,1,5,29500
1,1,34,1,7,29500
1,0,34,1,5,29500
1,1,33,1,3,29500
1,1,32,1,7,29500
1,1,42,1,4,29500
1,1,32,1,5,29500
2,1,48,1,7,29500
1,1,30,1,6,29500
1,1,30,1,6,29500
1,1,39,1,8,29500
1,1,42,1,9,29500
1,0,44,1,6,29500
1,1,36,1,6,29500
1,1,35,1,6,29500
1,1,32,1,4,29500
1,1,32,1,8,29500
1,1,32,1,3,29500
1,1,34,1,4,29500
1,1,32,1,5,29500
1,1,32,1,9,29500
1,0,38,1,5,29500
1,0,34,1,3,29500
2,0,30,1,8,29500
1,0,44,1,9,29500
1,0,34,1,4,29500
2,1,35,1,5,29500
1,0,49,1,9,29500
1,0,43,1,4,29500
1,1,44,1,5,29500
2,0,52,1,1,29500
1,0,34,1,3,29500
1,0,42,1,5,29500
1,0,35,1,4,29500
1,1,32,1,9,29500
1,1,32,1,8,29500
2,1,50,1,2,29500
2,0,47,1,3,29500
2,0,47,1,9,29500
1,1,45,1,9,29500
1,1,32,1,8,29500
1,0,43,1,7,29500
2,0,30,1,4,29500
1,0,37,1,5,29500
1,1,44,1,7,29500
1,1,43,1,6,29500
1,0,31,1,5,29500
2,0,42,1,4,29500
1,1,32,1,11,29600
2,0,44,1,3,29700
1,1,42,1,9,29700
1,1,42,1,3,29800
1,1,44,1,12,29800
1,1,45,1,4,29800
2,0,33,1,6,29800
2,0,31,1,7,29800
3,0,63,1,1,29800
3,0,77,0,2,29800
1,1,49,1,4,29900
1,0,40,1,7,29900
1,0,31,1,5,29949
1,0,32,1,3,30000
1,1,45,1,4,30000
1,1,29,1,4,30000
1,1,32,1,7,30000
1,1,43,1,9,30000
2,1,62,1,1,30000
2,0,64,1,2,30000
1,0,57,1,2,30000
1,1,45,1,5,30000
1,0,34,1,4,30000
2,0,42,1,6,30000
2,1,55,1,2,30000
1,1,31,1,9,30000
3,0,60,1,1,30000
2,0,49,1,9,30000
2,0,48,1,8,30000
3,0,61,1,2,30000
2,0,48,1,7,30000
2,1,55,1,2,30000
1,1,31,1,4,30000
1,1,32,1,8,30000
1,1,45,1,9,30000
1,1,34,1,3,30000
1,1,47,1,3,30000
1,1,35,1,11,30000
2,0,38,1,3,30000
2,0,43,1,5,30000
2,0,30,1,6,30000
2,0,30,1,6,30000
2,0,33,1,8,30000
2,0,34,1,7,30000
2,0,34,1,4,30000
2,0,33,1,5,30000
1,0,34,1,7,30000
1,1,45,1,5,30000
1,1,46,1,9,30000
1,1,32,1,8,30000
1,1,34,1,4,30000
2,1,45,1,6,30000
2,0,50,1,1,30000
2,1,44,1,7,30000
2,1,44,1,6,30000
1,1,45,1,5,30000
2,1,51,1,1,30000
2,1,42,1,4,30000
1,1,42,1,4,30000
1,1,35,1,11,30000
1,1,47,1,5,30000
1,1,42,1,3,30000
2,1,42,1,8,30000
2,1,50,1,1,30000
1,1,41,1,6,30000
2,0,41,1,4,30000
2,1,48,1,10,30000
2,0,32,1,3,30000
2,1,60,1,2,30000
3,0,62,1,1,30000
2,0,47,1,9,30000
3,0,55,1,7,30000
1,1,32,1,12,30000
1,1,45,1,7,30000
1,1,43,1,3,30000
3,0,70,0,2,30180
2,0,57,1,1,30200
2,0,55,1,2,30200
3,0,49,1,9,30200
2,0,49,1,7,30200
2,0,67,0,1,30200
1,1,31,1,9,30200
1,1,42,1,3,30250
1,1,31,1,3,30250
1,1,38,1,6,30500
1,1,45,1,4,30500
1,1,42,1,5,30500
1,0,32,1,5,30500
1,0,34,1,7,30500
2,0,34,1,3,30500
2,0,45,1,3,30500
1,1,32,1,4,30500
1,1,45,1,7,30500
3,0,64,1,2,30500
1,1,40,1,7,30500
1,1,37,1,3,30500
1,1,34,1,5,30500
1,1,42,1,8,30500
1,1,32,1,4,30500
1,1,34,1,8,30500
1,1,45,1,5,30500
1,1,32,1,3,30500
1,1,37,1,4,30500
2,1,45,1,4,30500
1,1,34,1,6,30500
1,0,45,1,9,30500
2,0,46,1,3,30500
1,1,44,1,6,30500
3,0,68,0,2,30500
1,1,32,1,7,30500
2,0,43,1,5,30500
2,0,43,1,9,30500
2,0,43,1,8,30500
2,0,43,1,6,30500
2,0,44,1,9,30500
2,0,33,1,8,30500
1,1,45,1,3,30500
2,0,31,1,8,30500
3,0,47,1,9,30500
1,0,45,1,7,30500
1,0,33,1,7,30500
3,1,56,1,2,30900
4,0,78,0,2,30900
1,1,34,1,7,31000
1,1,40,1,9,31000
1,1,32,1,11,31000
1,1,45,1,8,31000
1,1,41,1,7,31000
2,0,56,1,2,31000
2,0,32,1,9,31000
2,0,42,1,4,31000
1,1,32,1,7,31000
2,0,50,1,8,31000
1,1,34,1,9,31000
2,0,45,1,7,31000
1,0,39,1,8,31000
2,0,54,1,1,31000
1,1,40,1,9,31000
1,0,42,1,6,31000
2,0,53,1,1,31000
2,0,47,1,9,31000
2,0,54,1,2,31000
1,1,32,1,4,31000
1,1,39,1,6,31000
1,1,33,1,5,31000
2,0,50,1,8,31000
1,1,37,1,4,31000
1,1,30,1,5,31000
1,1,33,1,3,31000
1,1,30,1,8,31000
2,0,34,1,5,31000
1,1,36,1,5,31000
1,1,32,1,8,31000
1,1,32,1,8,31000
1,1,32,1,3,31000
2,1,42,1,6,31000
2,1,64,1,1,31000
1,1,45,1,4,31000
1,0,31,1,7,31000
1,1,32,1,4,31000
2,0,52,1,2,31000
2,0,44,1,4,31000
2,0,42,1,9,31000
2,0,45,1,7,31000
2,0,32,1,8,31000
2,0,32,1,7,31000
2,0,43,1,8,31000
2,0,32,1,3,31000
1,1,33,1,8,31000
1,1,32,1,8,31000
1,1,32,1,4,31000
1,1,32,1,4,31000
1,1,32,1,9,31000
1,1,32,1,4,31000
1,1,33,1,5,31000
1,1,34,1,9,31000
1,1,43,1,9,31000
1,1,34,1,5,31000
1,1,34,1,3,31000
1,1,34,1,5,31000
1,1,47,1,7,31000
1,1,45,1,6,31000
1,1,42,1,7,31000
2,1,60,1,2,31000
2,1,50,1,4,31000
2,1,48,1,9,31000
2,1,42,1,5,31000
2,0,43,1,3,31000
2,0,56,1,2,31000
2,0,52,1,2,31000
3,0,60,1,1,31000
1,1,32,1,9,31000
2,0,54,1,1,31000
3,0,64,1,1,31000
2,0,50,1,7,31000
1,0,43,1,3,31000
1,0,32,1,3,31500
2,0,45,1,8,31500
1,0,32,1,5,31500
2,0,44,1,7,31500
1,1,34,1,8,31500
1,1,32,1,8,31500
2,0,53,1,1,31500
3,0,64,1,2,31500
2,0,45,1,8,31500
1,1,34,1,7,31500
2,1,48,1,4,31500
1,1,32,1,5,31500
2,1,32,1,9,31500
1,1,33,1,5,31500
1,1,33,1,8,31500
2,0,42,1,7,31500
2,0,50,1,3,31500
2,0,50,1,9,31500
1,1,32,1,3,31500
1,1,34,1,9,31500
2,1,47,1,9,31500
2,1,55,1,1,31500
2,1,42,1,6,31500
2,0,43,1,7,31500
2,1,56,1,2,31500
2,1,48,1,9,31500
2,1,58,1,2,31500
2,1,58,1,2,31500
2,0,32,1,9,31500
2,1,42,1,7,31500
2,1,42,1,3,31500
3,0,64,1,2,31500
3,0,56,1,2,31500
1,1,45,1,4,31500
2,1,42,1,4,31500
1,0,33,1,6,31500
2,1,60,1,1,31500
1,0,42,1,5,31500
2,0,58,1,1,31516
1,0,28,1,3,31700
1,0,28,1,3,31700
1,0,28,1,6,31700
1,0,40,1,6,31700
1,0,39,1,6,31700
2,0,43,1,5,31700
2,0,50,1,5,31700
2,1,53,1,2,31734
2,1,53,1,2,31800
1,1,33,1,7,31800
1,1,36,1,6,31900
1,1,45,1,8,32000
1,1,32,1,4,32000
1,1,46,1,3,32000
1,1,35,1,10,32000
1,1,45,1,7,32000
2,1,58,1,2,32000
1,0,34,1,4,32000
3,0,62,1,2,32000
2,0,44,1,4,32000
3,0,59,1,2,32000
1,1,39,1,8,32000
1,0,32,1,4,32000
1,1,33,1,5,32000
1,1,32,1,4,32000
1,1,33,1,3,32000
1,0,32,1,9,32000
2,0,47,1,5,32000
1,0,32,1,3,32000
1,0,42,1,3,32000
1,1,43,1,5,32000
3,0,67,1,1,32000
2,0,54,1,2,32000
2,0,43,1,3,32000
3,0,58,1,2,32000
1,1,47,1,4,32000
1,1,45,1,5,32000
1,1,36,1,9,32000
1,1,40,1,5,32000
1,1,32,1,9,32000
1,1,34,1,4,32000
1,1,35,1,6,32000
1,1,30,1,6,32000
1,1,32,1,6,32000
1,1,44,1,5,32000
1,1,48,1,7,32000
1,1,30,1,5,32000
1,1,32,1,7,32000
1,0,32,1,8,32000
1,1,32,1,7,32000
1,1,34,1,7,32000
1,1,36,1,7,32000
1,1,32,1,3,32000
1,1,35,1,6,32000
1,1,34,1,7,32000
1,0,45,1,7,32000
1,0,34,1,8,32000
1,0,39,1,7,32000
1,0,44,1,3,32000
2,0,52,1,7,32000
2,0,42,1,3,32000
2,0,42,1,5,32000
2,0,43,1,4,32000
2,0,44,1,5,32000
2,0,52,1,3,32000
2,0,52,1,4,32000
2,0,43,1,4,32000
2,0,42,1,5,32000
2,0,50,1,3,32000
2,0,55,1,1,32000
4,0,75,0,1,32000
3,0,69,1,1,32000
4,0,100,0,1,32000
1,0,44,1,7,32000
1,0,40,1,4,32000
3,1,64,1,2,32000
2,0,53,1,5,32000
2,0,52,1,4,32000
2,1,70,1,1,32000
2,0,51,1,9,32000
2,0,48,1,3,32000
2,0,42,1,8,32000
1,1,45,1,9,32127
1,1,45,1,7,32160
1,1,45,1,8,32200
1,1,46,1,5,32200
1,1,48,1,8,32200
2,1,53,1,6,32200
2,0,32,1,4,32200
1,1,42,1,3,32200
2,0,51,1,6,32300
2,0,42,1,8,32300
2,0,42,1,9,32400
1,1,42,1,7,32500
1,1,35,1,6,32500
2,0,45,1,9,32500
2,0,45,1,6,32500
2,0,36,1,7,32500
2,0,32,1,9,32500
2,0,34,1,3,32500
2,0,45,1,9,32500
1,0,48,1,4,32500
2,0,55,1,1,32500
1,1,30,1,4,32500
1,1,34,1,7,32500
1,1,32,1,5,32500
1,1,32,1,7,32500
1,1,32,1,8,32500
1,1,35,1,7,32500
1,1,32,1,5,32500
1,1,32,1,8,32500
1,1,41,1,4,32500
1,1,41,1,9,32500
2,0,45,1,5,32500
2,0,39,1,6,32500
1,1,32,1,7,32500
1,1,30,1,9,32500
1,1,30,1,6,32500
2,0,45,1,5,32500
1,1,34,1,7,32500
1,1,36,1,8,32500
3,0,78,0,1,32500
1,1,41,1,5,32500
1,1,42,1,9,32500
3,0,60,1,1,32500
3,1,58,1,2,32500
3,1,62,1,2,32500
2,1,48,1,8,32500
2,1,45,1,4,32500
2,1,45,1,6,32500
2,1,43,1,6,32500
2,0,35,1,6,32500
3,0,52,1,3,32500
1,1,34,1,8,32500
2,0,52,1,6,32500
1,1,38,1,7,32500
2,0,34,1,8,32500
1,1,30,1,5,32500
1,1,30,1,3,32500
2,1,32,1,8,32500
1,1,48,1,9,32500
1,1,35,1,7,33000
2,1,50,1,8,33000
2,0,42,1,7,33000
4,1,81,0,2,33000
2,0,36,1,5,33000
2,0,42,1,4,33000
1,0,43,1,3,33000
2,0,45,1,8,33000
2,0,35,1,6,33000
2,0,48,1,4,33000
3,1,62,1,2,33000
1,1,42,1,5,33000
2,0,48,1,4,33000
1,1,42,1,5,33000
1,1,44,1,7,33000
1,1,46,1,5,33000
2,1,45,1,6,33000
1,1,35,1,5,33000
3,0,63,1,1,33000
1,0,30,1,8,33000
2,0,34,1,3,33000
2,0,42,1,6,33000
2,0,43,1,8,33000
2,0,47,1,5,33000
1,1,34,1,5,33000
1,1,29,1,5,33000
1,1,43,1,9,33000
2,0,30,1,3,33000
2,0,52,1,7,33000
2,0,34,1,5,33000
2,0,40,1,7,33000
2,0,34,1,9,33000
2,0,45,1,7,33000
2,0,47,1,6,33000
2,1,45,1,4,33000
2,1,48,1,9,33000
2,0,45,1,3,33000
2,0,37,1,9,33000
2,0,42,1,4,33000
2,0,32,1,5,33000
2,0,36,1,6,33000
1,1,45,1,3,33000
1,1,45,1,4,33000
2,1,45,1,4,33000
2,1,43,1,5,33000
2,0,42,1,9,33000
2,0,40,1,5,33000
2,0,43,1,9,33000
2,0,44,1,5,33000
3,0,47,1,8,33000
3,0,56,1,1,33000
1,1,33,1,7,33000
2,1,43,1,9,33000
2,0,42,1,5,33000
2,0,50,1,3,33000
2,0,33,1,8,33000
3,0,64,1,1,33000
1,0,42,1,4,33000
3,0,67,1,2,33000
3,0,58,1,2,33000
1,1,30,1,3,33000
1,0,33,1,3,33000
2,0,34,1,8,33000
2,0,36,1,8,33000
2,1,45,1,6,33000
2,0,47,1,6,33000
2,0,45,1,8,33175
2,0,45,1,8,33200
2,0,45,1,7,33200
2,0,53,1,7,33200
2,1,73,1,1,33200
3,0,73,1,2,33200
3,0,73,1,2,33200
1,0,35,1,4,33200
2,0,47,1,4,33200
1,1,35,1,5,33200
1,1,36,1,4,33220
1,1,30,1,7,33273
1,1,33,1,7,33500
1,1,45,1,4,33500
1,1,32,1,4,33500
3,0,70,1,2,33500
2,0,36,1,5,33500
2,0,44,1,8,33500
2,0,44,1,9,33500
2,0,36,1,3,33500
1,1,39,1,6,33500
1,1,32,1,7,33500
1,1,32,1,4,33500
1,1,37,1,3,33500
2,1,44,1,5,33500
1,1,42,1,4,33500
1,1,49,1,3,33500
1,1,43,1,7,33500
1,1,45,1,7,33500
1,1,34,1,7,33500
1,1,38,1,7,33500
1,1,35,1,5,33500
1,1,30,1,8,33500
1,1,42,1,5,33500
1,1,34,1,5,33500
1,1,46,1,9,33500
1,1,46,1,7,33500
1,1,50,1,9,33500
2,0,54,1,6,33500
2,0,43,1,6,33500
1,1,44,1,4,33500
1,1,45,1,6,33500
1,1,45,1,6,33500
1,1,42,1,4,33500
1,1,30,1,6,33500
1,1,32,1,5,33500
2,0,56,1,1,33500
2,0,45,1,4,33500
2,0,59,1,1,33500
2,0,42,1,5,33500
2,0,45,1,3,33500
2,0,34,1,6,33500
2,0,36,1,3,33500
2,0,41,1,6,33500
2,0,58,1,1,33500
3,0,62,1,1,33500
2,0,44,1,8,33500
2,0,41,1,6,33500
3,0,70,1,2,33500
1,0,35,1,8,33500
2,0,40,1,4,33500
1,0,34,1,6,33500
2,0,59,1,2,33500
1,1,30,1,8,33500
2,0,30,1,9,33500
1,1,32,1,4,33500
2,0,32,1,8,33500
1,1,36,1,5,33650
2,0,44,1,6,33700
1,1,34,1,8,33700
2,0,40,1,3,33700
2,0,40,1,4,33700
2,0,33,1,5,33700
1,1,30,1,3,33700
1,0,41,1,7,34000
2,0,58,1,1,34000
2,0,50,1,9,34000
2,1,43,1,7,34000
2,1,36,1,6,34000
2,1,49,1,7,34000
2,1,36,1,3,34000
2,1,40,1,6,34000
2,1,40,1,7,34000
2,1,43,1,4,34000
2,1,41,1,3,34000
3,1,62,1,1,34000
3,1,65,1,1,34000
3,0,45,1,3,34000
3,0,46,1,4,34000
3,0,50,1,4,34000
3,0,49,1,5,34000
1,0,32,1,6,34000
1,1,32,1,6,34000
1,1,34,1,6,34000
3,0,46,1,5,34000
3,0,50,1,4,34000
2,0,32,1,6,34000
2,0,47,1,9,34000
2,0,42,1,4,34000
2,0,34,1,8,34000
2,0,34,1,4,34000
2,0,34,1,4,34000
1,1,34,1,8,34000
2,0,36,1,3,34000
2,0,54,1,9,34000
1,0,32,1,7,34000
2,0,36,1,5,34000
1,0,34,1,6,34000
2,0,42,1,8,34000
2,0,56,1,4,34000
2,0,44,1,5,34000
3,0,60,1,1,34000
3,0,48,1,7,34000
3,0,57,1,2,34000
3,0,42,1,5,34000
3,0,41,1,3,34000
3,0,46,1,4,34000
2,0,42,1,7,34000
2,0,45,1,9,34000
2,0,41,1,7,34000
2,0,44,1,8,34000
2,0,46,1,9,34000
2,0,50,1,7,34000
2,0,54,1,6,34000
3,0,60,1,2,34000
1,0,35,1,9,34000
2,0,40,1,3,34000
2,1,43,1,5,34000
1,1,35,1,4,34000
2,0,43,1,7,34000
1,0,34,1,9,34000
1,1,44,1,8,34000
3,0,80,0,2,34000
3,0,78,0,2,34000
3,1,66,1,1,34000
1,0,38,1,7,34000
1,0,34,1,6,34000
2,0,45,1,5,34000
2,1,43,1,6,34000
2,1,38,1,8,34000
2,1,43,1,3,34068
2,1,40,1,4,34200
2,1,44,1,6,34200
2,1,49,1,7,34200
2,1,44,1,6,34200
3,0,63,1,2,34200
2,1,44,1,5,34200
2,0,40,1,9,34200
2,0,43,1,6,34200
3,1,67,1,2,34300
3,0,62,1,1,34300
2,1,44,1,11,34500
2,0,38,1,7,34500
2,1,42,1,11,34500
2,0,44,1,4,34500
2,0,35,1,8,34500
2,0,36,1,6,34500
2,0,39,1,7,34500
2,0,35,1,9,34500
2,0,54,1,6,34500
3,0,59,1,1,34500
2,0,50,1,4,34500
2,0,42,1,9,34500
1,1,30,1,7,34500
1,1,34,1,4,34500
2,1,47,1,8,34500
1,1,43,1,7,34500
2,1,62,1,2,34500
3,1,63,1,1,34500
3,1,68,1,2,34500
3,1,44,1,9,34500
2,1,34,1,9,34500
2,1,45,1,3,34500
1,1,31,1,5,34500
2,1,45,1,5,34500
2,1,55,1,8,34500
2,0,45,1,7,34500
2,1,36,1,3,34500
2,0,39,1,4,34500
2,0,40,1,4,34500
2,0,50,1,3,34500
2,0,49,1,3,34500
3,0,64,1,1,34500
3,0,50,1,9,34500
3,0,58,1,2,34500
3,0,53,1,6,34500
2,0,46,1,3,34500
2,0,43,1,3,34500
2,0,45,1,5,34500
2,1,43,1,9,34500
2,1,45,1,7,34500
2,1,42,1,7,34500
3,1,65,1,1,34500
3,0,46,1,4,34500
2,1,44,1,3,34500
3,1,77,0,1,34500
2,1,44,1,7,34600
2,0,53,1,9,34650
2,0,46,1,4,34700
2,0,53,1,9,34800
2,1,53,1,12,34800
3,0,59,1,2,34800
2,0,52,1,6,34800
3,0,54,1,8,34810
2,0,54,1,6,34900
2,1,42,1,9,34940
2,0,44,1,7,34999
2,1,35,1,5,34999
2,0,43,1,8,34999
2,0,58,1,6,35000
2,0,43,1,8,35000
3,1,50,1,5,35000
3,0,67,1,2,35000
3,0,62,1,1,35000
2,1,48,1,9,35000
2,1,35,1,6,35000
3,1,72,1,1,35000
2,1,50,1,8,35000
2,1,42,1,7,35000
2,1,42,1,3,35000
3,1,64,1,1,35000
3,0,64,1,1,35000
3,0,55,1,8,35000
3,0,57,1,3,35000
3,1,55,1,12,35000
2,0,40,1,6,35000
2,0,1,1,8,35000
2,0,54,1,8,35000
1,1,35,1,4,35000
2,1,54,1,3,35000
2,0,54,1,5,35000
2,0,43,1,3,35000
2,0,41,1,5,35000
2,0,48,1,5,35000
2,0,43,1,5,35000
2,0,43,1,3,35000
3,0,62,1,1,35000
2,0,55,1,3,35000
2,0,50,1,9,35000
3,0,64,1,1,35000
3,0,61,1,1,35000
3,0,58,1,7,35000
3,0,60,1,1,35000
3,0,44,1,4,35000
3,0,63,1,1,35000
2,1,48,1,7,35000
2,1,43,1,7,35000
3,0,50,1,9,35000
1,1,30,1,9,35000
1,0,30,1,4,35000
2,0,35,1,4,35000
2,0,45,1,7,35000
1,1,30,1,8,35000
2,0,46,1,6,35000
1,1,32,1,3,35000
1,1,34,1,9,35000
1,1,34,1,7,35000
2,0,45,1,9,35000
2,1,58,1,8,35000
2,1,43,1,5,35000
2,1,50,1,8,35000
2,1,43,1,5,35000
2,0,43,1,8,35000
2,1,43,1,8,35000
2,0,43,1,9,35000
3,1,62,1,2,35000
2,1,68,1,2,35000
2,1,45,1,4,35000
2,1,43,1,6,35000
2,1,34,1,5,35000
2,1,40,1,5,35000
3,0,77,1,2,35000
3,0,78,0,2,35000
2,0,55,1,8,35000
2,0,51,1,5,35000
3,0,62,1,1,35000
3,0,58,1,8,35000
3,0,58,1,7,35000
3,0,58,1,7,35000
3,0,64,1,2,35000
2,1,30,1,8,35000
2,1,30,1,10,35000
2,1,34,1,8,35000
2,1,35,1,8,35000
2,1,34,1,9,35088
2,0,45,1,9,35088
2,0,43,1,5,35088
2,0,47,1,3,35200
2,1,64,1,1,35200
2,1,59,1,1,35200
2,1,59,1,2,35200
2,1,45,1,4,35200
2,1,34,1,9,35200
2,1,33,1,3,35200
2,0,45,1,7,35200
3,0,75,1,1,35200
3,1,58,1,4,35200
3,1,58,1,11,35400
1,1,35,1,11,35400
2,0,45,1,8,35500
1,0,37,1,6,35500
2,0,45,1,4,35500
2,0,33,1,4,35500
2,0,44,1,4,35500
2,0,42,1,3,35500
2,0,58,1,8,35500
2,0,30,1,8,35500
2,0,35,1,6,35500
2,0,53,1,6,35500
2,0,32,1,9,35500
2,0,34,1,8,35500
2,0,45,1,4,35500
2,0,45,1,6,35500
2,0,35,1,5,35500
2,0,49,1,7,35500
2,0,42,1,6,35500
2,0,42,1,7,35500
2,0,50,1,9,35500
2,1,40,1,4,35500
2,1,44,1,6,35500
2,1,52,1,3,35500
2,1,50,1,5,35500
2,0,43,1,8,35500
2,1,40,1,3,35500
2,1,40,1,5,35500
2,1,40,1,6,35500
2,1,46,1,8,35500
2,1,42,1,5,35500
2,1,50,1,8,35500
2,0,46,1,8,35700
3,1,76,1,1,35720
2,0,44,1,4,35800
3,0,59,1,6,35810
2,0,33,1,8,36000
2,0,45,1,3,36000
2,1,33,1,5,36000
2,0,58,1,6,36000
2,0,54,1,8,36000
1,1,41,1,4,36000
1,1,36,1,9,36000
1,1,33,1,6,36000
2,0,45,1,8,36000
2,0,58,1,8,36000
2,1,58,1,11,36000
1,1,38,1,5,36000
2,0,50,1,5,36000
2,0,50,1,8,36000
2,0,45,1,3,36000
3,0,76,1,1,36000
2,1,44,1,7,36000
1,1,29,1,5,36000
2,1,43,1,12,36000
2,1,45,1,5,36000
2,0,53,1,8,36000
1,0,38,1,7,36000
2,0,42,1,9,36000
1,1,33,1,5,36000
1,1,32,1,7,36000
2,0,38,1,6,36000
2,0,45,1,7,36000
2,0,45,1,8,36000
3,1,52,1,10,36000
2,0,40,1,6,36000
2,0,42,1,4,36000
2,0,44,1,7,36000
2,0,42,1,5,36000
3,0,54,1,9,36000
2,0,45,1,7,36000
2,0,48,1,9,36000
3,0,60,1,1,36000
2,0,43,1,8,36000
2,0,43,1,9,36000
2,0,53,1,4,36000
3,0,57,1,4,36000
2,0,41,1,4,36000
2,0,41,1,7,36000
2,0,41,1,7,36000
2,0,50,1,7,36000
3,0,43,1,7,36000
3,0,58,1,4,36000
3,0,60,1,2,36000
3,0,58,1,9,36000
2,0,47,1,3,36000
3,0,60,1,2,36000
2,1,48,1,11,36000
2,0,45,1,4,36000
2,0,42,1,5,36000
4,0,73,1,1,36000
2,0,40,1,7,36000
2,1,32,1,8,36000
2,0,43,1,8,36000
2,0,45,1,9,36000
2,0,43,1,7,36200
2,0,34,1,4,36200
2,0,36,1,9,36200
3,0,64,1,1,36200
2,0,45,1,6,36200
2,0,42,1,5,36200
2,0,53,1,8,36200
4,0,72,1,2,36200
3,0,54,1,5,36200
3,0,58,1,7,36200
4,0,81,0,2,36200
2,0,42,1,5,36200
2,0,42,1,5,36300
3,0,56,1,7,36400
3,1,59,1,12,36500
2,0,43,1,5,36500
3,1,59,1,12,36500
3,1,60,1,9,36500
2,0,37,1,8,36500
2,0,45,1,4,36500
3,0,73,1,1,36500
2,0,37,1,9,36500
3,1,62,1,1,36500
2,0,52,1,6,36500
2,0,35,1,8,36500
2,0,36,1,7,36500
2,0,40,1,6,36500
2,0,40,1,5,36500
2,0,36,1,8,36500
2,0,44,1,5,36500
3,0,65,1,1,36500
2,0,43,1,7,36500
2,0,47,1,7,36500
2,0,45,1,8,36500
3,0,63,1,1,36500
2,0,36,1,8,36500
3,0,53,1,9,36500
2,0,44,1,7,36500
2,0,44,1,3,36500
3,0,63,1,1,36500
3,0,47,1,4,36500
3,0,50,1,5,36500
3,0,50,1,8,36500
1,0,32,1,8,36500
2,0,44,1,8,36500
2,0,43,1,7,36500
2,0,42,1,4,36500
2,0,44,1,9,36500
2,0,44,1,7,36500
2,0,43,1,3,36500
2,0,44,1,6,36500
2,0,44,1,7,36500
2,0,45,1,8,36500
2,0,42,1,5,36500
3,0,49,1,6,36500
3,0,70,1,2,36500
3,0,56,1,4,36500
3,0,62,1,1,36500
3,0,61,1,1,36500
3,0,65,1,2,36500
2,0,38,1,9,36500
2,0,32,1,3,36500
2,0,40,1,4,36500
3,0,58,1,9,36500
2,0,50,1,7,36500
2,0,47,1,8,36500
2,0,45,1,3,36500
2,0,49,1,9,36500
2,0,40,1,7,36500
2,0,46,1,4,36500
2,0,46,1,3,36700
3,0,58,1,7,36700
2,0,38,1,4,36750
2,0,32,1,8,36800
2,0,38,1,5,36800
2,0,38,1,5,36800
3,0,49,1,4,36900
2,0,44,1,4,37000
2,0,44,1,7,37000
2,0,54,1,6,37000
3,0,68,1,2,37000
3,0,50,1,3,37000
3,0,45,1,7,37000
3,0,46,1,4,37000
2,0,45,1,6,37000
2,0,43,1,4,37000
2,0,45,1,7,37000
2,0,35,1,3,37000
2,0,46,1,7,37000
2,1,37,1,11,37000
2,1,39,1,8,37000
2,1,47,1,9,37000
2,0,45,1,4,37000
2,0,36,1,8,37000
2,1,48,1,8,37000
2,1,39,1,9,37000
2,1,45,1,5,37000
2,1,41,1,11,37000
2,0,49,1,9,37000
2,1,43,1,4,37000
3,0,52,1,9,37000
2,1,52,1,7,37000
2,1,52,1,5,37000
3,0,65,1,1,37000
2,1,43,1,4,37000
3,0,65,1,2,37000
3,0,45,1,3,37000
2,0,47,1,5,37000
2,0,47,1,7,37000
2,0,38,1,7,37000
2,0,51,1,4,37000
2,1,47,1,8,37000
2,1,42,1,7,37000
2,1,43,1,4,37000
2,1,49,1,4,37000
2,1,48,1,4,37000
2,1,50,1,9,37000
3,1,67,1,2,37000
2,1,44,1,9,37000
2,1,42,1,6,37000
2,1,46,1,9,37000
2,1,40,1,4,37000
2,1,44,1,9,37000
2,1,46,1,5,37000
2,1,42,1,7,37000
2,1,42,1,9,37000
3,0,83,0,1,37000
3,1,67,1,1,37000
2,1,48,1,5,37000
3,1,64,1,1,37000
1,1,57,1,8,37000
2,1,45,1,3,37000
2,1,40,1,6,37000
1,1,41,1,7,37000
3,0,60,1,8,37000
3,0,56,1,3,37000
3,0,52,1,4,37000
3,0,43,1,6,37000
3,0,67,1,2,37000
3,0,63,1,2,37000
2,1,48,1,9,37000
3,0,58,1,3,37000
2,1,47,1,6,37000
3,0,64,1,1,37000
1,1,35,1,7,37000
2,1,38,1,6,37000
3,0,54,1,9,37000
2,1,48,1,5,37000
2,1,48,1,11,37000
2,1,56,1,9,37000
2,0,44,1,6,37000
2,0,46,1,7,37200
2,0,48,1,4,37200
2,0,44,1,4,37400
2,0,44,1,7,37400
3,0,70,1,2,37400
3,0,65,1,2,37400
3,1,43,1,3,37500
2,0,45,1,9,37500
3,0,56,1,6,37500
2,0,45,1,8,37500
2,0,45,1,6,37500
2,0,45,1,7,37500
2,0,45,1,9,37500
3,0,56,1,4,37500
3,0,63,1,1,37500
2,0,44,1,7,37500
3,0,47,1,7,37500
2,0,43,1,8,37500
3,0,73,1,2,37500
2,0,44,1,7,37500
2,1,43,1,8,37500
2,0,36,1,8,37500
2,0,48,1,9,37500
3,0,50,1,8,37500
2,0,35,1,9,37500
2,0,43,1,9,37500
2,0,43,1,3,37500
2,0,44,1,8,37500
3,0,56,1,3,37500
2,0,44,1,4,37500
2,0,43,1,4,37500
2,0,45,1,6,37500
2,0,40,1,4,37500
2,0,43,1,3,37500
2,0,44,1,8,37500
2,0,45,1,5,37500
2,0,46,1,4,37500
3,0,64,1,1,37500
3,0,58,1,3,37500
2,0,43,1,7,37500
3,0,67,1,2,37500
2,0,47,1,8,37500
2,0,42,1,6,37500
2,0,42,1,6,37500
2,0,42,1,8,37500
3,0,47,1,9,37500
2,0,43,1,7,37500
3,0,70,1,2,37500
2,1,52,1,12,37500
2,0,39,1,8,37500
2,0,45,1,4,37500
3,0,83,1,2,37600
3,0,83,1,1,37616
3,0,83,1,1,37616
3,0,83,1,2,37616
2,0,46,1,9,37616
2,1,42,1,8,37700
3,0,58,1,7,37700
2,0,48,1,3,37800
2,0,48,1,6,37800
2,0,44,1,4,37800
2,0,37,1,7,37800
3,0,56,1,3,37800
3,0,56,1,8,37800
3,0,56,1,6,37800
3,0,56,1,3,37800
2,0,36,1,3,37900
3,0,78,1,2,37900
2,1,46,1,8,37950
3,0,50,1,5,37990
3,0,71,1,2,37990
3,0,58,1,3,37990
3,0,61,1,9,37990
2,0,47,1,6,38000
2,1,50,1,7,38000
2,1,42,1,7,38000
2,0,44,1,3,38000
1,1,39,1,4,38000
2,1,35,1,9,38000
2,0,48,1,8,38000
2,0,45,1,3,38000
2,0,41,1,7,38000
3,0,61,1,5,38000
2,1,44,1,12,38000
3,0,72,1,2,38000
2,1,48,1,8,38000
2,0,47,1,6,38000
3,1,62,1,7,38000
3,0,56,1,4,38000
3,0,56,1,6,38000
1,1,29,1,5,38000
2,1,48,1,7,38000
2,1,53,1,8,38000
2,0,36,1,8,38000
2,0,39,1,5,38000
2,0,39,1,3,38000
2,0,40,1,4,38000
3,0,59,1,3,38000
2,0,42,1,4,38000
3,0,55,1,7,38000
2,0,43,1,3,38000
2,0,42,1,8,38000
3,0,60,1,6,38000
3,0,74,1,2,38000
2,0,44,1,7,38000
2,0,44,1,9,38000
2,0,52,1,4,38000
3,0,56,1,5,38000
2,1,52,1,7,38000
2,1,50,1,7,38000
4,0,71,1,1,38000
3,0,58,1,6,38000
4,0,81,1,2,38000
1,1,39,1,6,38000
2,0,43,1,3,38000
2,0,48,1,8,38000
3,0,52,1,4,38000
3,0,55,1,7,38000
2,0,43,1,5,38000
2,0,50,1,9,38000
2,0,52,1,5,38000
2,0,54,1,6,38000
2,1,58,1,4,38000
2,0,47,1,4,38000
2,0,52,1,7,38000
2,0,50,1,9,38012
2,1,52,1,6,38200
2,0,45,1,7,38200
3,0,52,1,8,38200
2,0,44,1,3,38200
4,0,84,1,1,38200
3,1,67,1,2,38500
3,0,58,1,5,38500
2,0,41,1,8,38500
2,1,48,1,6,38500
2,1,43,1,6,38500
2,0,46,1,8,38500
2,0,42,1,5,38500
2,0,41,1,7,38500
2,0,36,1,6,38500
2,1,45,1,9,38500
2,0,47,1,7,38500
2,0,47,1,9,38500
2,0,39,1,9,38500
3,0,35,1,9,38500
2,0,45,1,7,38500
2,0,41,1,8,38500
2,0,42,1,7,38500
2,0,36,1,4,38500
2,0,52,1,9,38500
2,0,44,1,3,38500
3,0,68,1,2,38500
3,0,70,1,2,38500
2,0,41,1,7,38500
2,0,43,1,9,38500
2,0,40,1,9,38500
2,0,44,1,4,38500
2,0,44,1,4,38500
2,0,44,1,9,38500
2,0,43,1,3,38500
2,0,44,1,7,38500
2,0,50,1,5,38500
3,0,53,1,5,38500
3,0,56,1,5,38500
3,0,73,1,1,38500
3,0,45,1,4,38500
2,0,42,1,7,38500
2,0,42,1,7,38500
3,0,73,1,2,38500
3,0,47,1,5,38500
2,0,49,1,5,38500
3,0,62,1,8,38500
3,1,68,1,1,38500
3,1,73,1,2,38500
2,0,42,1,5,38500
2,0,46,1,4,38564
2,0,50,1,7,38600
2,0,34,1,6,38600
2,0,44,1,9,38700
2,0,52,1,3,38700
2,0,49,1,5,38700
2,0,52,1,8,38700
2,0,59,1,5,38700
3,0,67,1,2,38800
2,0,40,1,5,38900
2,1,52,1,4,38900
1,0,43,1,5,38940
2,1,52,1,8,38976
2,0,46,1,3,39000
2,1,42,1,4,39000
2,1,54,1,12,39000
3,0,58,1,3,39000
2,0,45,1,9,39000
2,0,43,1,3,39000
2,0,48,1,6,39000
3,0,60,1,6,39000
2,1,41,1,4,39000
2,1,35,1,7,39000
2,1,47,1,5,39000
2,0,55,1,5,39000
3,1,71,1,2,39000
2,0,40,1,4,39000
2,0,48,1,7,39000
2,1,42,1,4,39000
2,1,58,1,10,39000
2,0,45,1,5,39000
2,0,43,1,4,39000
3,0,47,1,9,39000
2,0,44,1,9,39000
2,1,40,1,4,39000
2,0,52,1,4,39000
3,0,60,1,5,39000
3,1,67,1,2,39000
3,1,65,1,2,39000
3,0,68,1,1,39000
3,0,45,1,6,39000
2,0,39,1,9,39000
2,1,43,1,7,39000
3,0,50,1,9,39000
2,1,50,1,9,39000
3,0,54,1,5,39000
2,1,36,1,6,39000
2,0,43,1,5,39000
2,1,45,1,4,39000
2,0,48,1,5,39000
2,0,44,1,9,39000
3,0,50,1,9,39000
2,0,43,1,6,39000
2,0,43,1,6,39000
3,0,46,1,5,39000
3,0,50,1,8,39000
3,0,67,1,1,39000
3,0,58,1,3,39000
3,0,61,1,3,39000
2,0,42,1,4,39000
3,0,64,1,3,39000
2,0,45,1,9,39000
3,1,64,1,11,39000
2,0,52,1,7,39000
2,1,48,1,5,39000
2,1,48,1,3,39000
2,0,50,1,4,39000
2,0,43,1,4,39000
2,0,47,1,5,39000
3,0,60,1,3,39000
2,0,42,1,7,39000
2,0,35,1,7,39000
3,1,63,1,11,39000
3,0,62,1,3,39000
2,1,44,1,4,39000
3,0,53,1,3,39000
2,0,37,1,6,39195
2,1,52,1,4,39200
3,0,66,1,2,39200
3,0,54,1,3,39200
3,0,52,1,6,39200
3,0,45,1,7,39200
3,0,53,1,6,39200
4,0,82,1,2,39400
3,0,55,1,6,39500
3,0,55,1,7,39500
3,0,55,1,7,39500
3,0,46,1,4,39500
2,1,37,1,6,39500
2,1,46,1,4,39500
2,1,45,1,9,39500
3,0,50,1,8,39500
2,1,45,1,3,39500
2,1,45,1,9,39500
2,1,45,1,8,39500
2,1,45,1,9,39500
2,0,44,1,4,39500
3,1,53,1,4,39500
2,0,45,1,3,39500
2,0,43,1,7,39500
2,0,43,1,9,39500
3,0,44,1,9,39500
2,0,42,1,3,39500
2,0,44,1,3,39500
2,0,50,1,8,39500
2,0,52,1,9,39500
2,0,45,1,7,39500
3,0,60,1,4,39500
3,0,61,1,6,39500
3,0,55,1,5,39500
3,0,43,1,3,39500
3,0,61,1,9,39500
2,0,43,1,7,39500
3,1,52,1,6,39500
2,0,43,1,6,39500
3,0,57,1,3,39500
2,0,44,1,7,39500
3,0,47,1,4,39500
2,0,46,1,8,39500
2,0,44,1,9,39500
2,0,43,1,8,39500
2,0,49,1,3,39500
3,0,56,1,6,39500
3,0,70,1,1,39500
3,0,57,1,4,39500
2,0,44,1,8,39500
2,0,43,1,7,39500
3,0,57,1,5,39500
2,0,46,1,5,39500
2,0,44,1,6,39500
2,0,49,1,8,39500
3,1,73,1,2,39500
3,0,58,1,6,39500
3,1,75,1,1,39500
2,1,55,1,8,39500
3,1,45,1,3,39500
3,1,64,1,3,39500
3,1,45,1,7,39500
3,0,45,1,5,39500
3,0,72,1,2,39500
3,1,48,1,11,39500
3,0,62,1,6,39500
2,1,31,1,9,39500
3,0,46,1,6,39500
3,0,68,1,1,39500
3,0,65,1,6,39500
3,1,70,1,2,39600
4,0,86,1,1,39600
3,0,60,1,5,39700
3,1,60,1,10,39800
3,0,50,1,5,39900
3,0,40,1,3,39900
3,0,50,1,9,39900
2,1,44,1,5,40000
3,0,49,1,4,40000
3,0,49,1,3,40000
3,1,47,1,5,40000
4,0,77,1,2,40000
2,1,43,1,3,40000
2,1,43,1,3,40000
2,1,49,1,3,40000
3,0,58,1,9,40000
3,0,70,1,2,40000
1,1,30,1,6,40000
2,1,60,1,9,40000
2,0,44,1,3,40000
2,0,36,1,5,40000
2,0,50,1,8,40000
2,0,53,1,3,40000
2,0,50,1,9,40000
2,0,43,1,9,40000
2,0,43,1,9,40000
3,0,58,1,3,40000
3,0,56,1,6,40000
3,0,58,1,8,40000
3,0,58,1,4,40000
3,0,72,1,1,40000
3,0,65,1,9,40000
3,0,55,1,4,40000
3,0,60,1,9,40000
3,0,44,1,7,40000
3,0,42,1,5,40000
3,0,44,1,6,40000
3,0,36,1,5,40000
3,0,44,1,5,40000
3,0,44,1,3,40000
2,0,44,1,5,40000
3,0,51,1,3,40000
2,1,42,1,6,40000
2,0,44,1,3,40000
2,0,50,1,5,40000
2,0,52,1,8,40000
2,0,43,1,4,40000
2,0,44,1,6,40000
2,0,46,1,6,40000
2,0,41,1,6,40000
2,0,42,1,8,40000
2,1,42,1,4,40000
2,1,44,1,5,40000
3,1,65,1,5,40000
2,1,52,1,8,40000
3,0,66,1,9,40000
4,0,89,0,1,40000
3,1,62,1,8,40000
4,0,89,0,2,40000
3,0,58,1,6,40000
3,0,61,1,6,40000
3,0,59,1,9,40000
3,1,68,1,2,40000
3,0,73,1,1,40000
3,0,50,1,8,40000
3,0,67,1,2,40000
3,0,58,1,9,40000
3,0,50,1,9,40000
3,1,44,1,8,40000
2,0,43,1,7,40000
3,1,61,1,4,40150
3,0,47,1,6,40300
3,0,72,1,2,40320
3,0,58,1,6,40400
2,1,42,1,9,40500
2,0,44,1,3,40500
2,0,43,1,7,40500
2,0,42,1,6,40500
3,0,43,1,5,40500
3,0,52,1,6,40500
3,0,44,1,5,40500
3,0,58,1,8,40500
2,0,42,1,8,40500
2,0,43,1,9,40500
2,0,44,1,3,40500
2,0,45,1,5,40500
3,0,61,1,6,40500
3,0,76,1,2,40500
3,1,69,1,2,40500
3,1,67,1,4,40500
2,1,41,1,8,40500
3,0,55,1,3,40500
3,0,69,1,2,40600
2,0,50,1,9,40800
3,0,60,1,6,41000
3,0,48,1,4,41000
3,0,58,1,3,41000
3,0,60,1,5,41000
3,0,56,1,8,41000
3,0,68,1,7,41000
3,1,64,1,9,41000
2,1,44,1,7,41000
2,1,50,1,7,41000
4,0,99,0,2,41000
3,1,59,1,9,41000
2,1,46,1,4,41000
2,0,47,1,8,41000
3,1,60,1,12,41000
2,0,46,1,4,41000
3,1,61,1,3,41000
3,0,51,1,3,41000
2,1,44,1,6,41000
3,1,59,1,12,41000
3,0,60,1,7,41000
3,0,67,1,7,41000
3,0,50,1,7,41000
3,0,43,1,4,41000
3,0,44,1,9,41000
3,0,43,1,6,41000
3,0,44,1,6,41000
3,0,45,1,9,41000
3,0,64,1,7,41000
3,0,45,1,5,41000
3,0,47,1,6,41000
3,0,52,1,8,41000
3,0,52,1,8,41000
3,0,52,1,5,41000
3,0,58,1,6,41000
3,0,60,1,8,41000
3,0,58,1,7,41000
3,0,64,1,3,41000
4,0,80,1,2,41000
3,0,50,1,8,41000
3,0,58,1,4,41000
3,0,61,1,5,41000
4,0,81,1,2,41000
4,1,64,1,11,41000
2,1,55,1,5,41000
3,0,64,1,9,41000
4,0,75,1,2,41000
3,1,50,1,8,41000
3,1,49,1,9,41000
3,0,49,1,9,41000
4,0,68,1,7,41000
2,1,43,1,12,41000
3,1,55,1,4,41000
2,0,44,1,6,41000
3,0,52,1,6,41000
3,0,69,1,1,41200
3,1,58,1,9,41200
3,1,69,1,2,41200
3,1,48,1,4,41200
3,1,48,1,8,41200
3,0,51,1,7,41200
3,1,51,1,4,41490
3,0,52,1,8,41500
2,1,46,1,4,41500
3,0,65,1,4,41500
2,1,51,1,3,41500
2,1,46,1,8,41500
2,1,50,1,4,41500
2,1,46,1,6,41500
2,1,49,1,4,41500
2,1,53,1,7,41500
2,1,48,1,4,41500
2,1,52,1,8,41500
2,1,52,1,5,41500
2,1,52,1,8,41500
2,1,52,1,8,41500
3,1,65,1,7,41500
3,1,46,1,4,41500
4,1,90,1,2,41500
3,0,61,1,3,41500
3,0,44,1,7,41500
3,0,43,1,6,41500
2,0,57,1,4,41500
2,0,41,1,8,41500
2,1,42,1,9,41500
2,0,45,1,7,41500
2,0,48,1,5,41500
2,0,32,1,9,41500
2,0,58,1,4,41500
4,0,73,1,1,41500
4,1,60,1,11,41500
2,0,42,1,5,41500
2,1,44,1,7,41500
2,1,48,1,7,41500
2,1,44,1,7,41500
2,1,43,1,9,41500
3,0,49,1,9,41500
3,0,58,1,3,41500
4,0,56,1,4,41500
4,0,62,1,7,41500
4,0,68,1,4,41500
4,0,73,1,2,41500
2,1,43,1,9,41500
3,0,54,1,6,41500
3,0,67,1,5,41500
2,0,44,1,6,41500
3,1,58,1,10,41500
3,0,48,1,4,41500
3,0,64,1,3,41500
3,0,50,1,8,41500
3,0,62,1,4,41500
4,0,76,1,1,41500
2,1,43,1,4,41600
2,0,53,1,4,41600
2,0,54,1,3,41700
2,0,51,1,8,41800
2,0,40,1,7,41850
2,0,40,1,5,41900
2,0,55,1,5,42000
4,0,83,1,2,42000
2,0,59,1,8,42000
3,0,65,1,4,42000
3,0,54,1,6,42000
3,0,45,1,7,42000
3,0,45,1,7,42000
3,0,74,1,1,42000
3,0,60,1,4,42000
3,0,45,1,5,42000
3,1,42,1,10,42000
2,0,43,1,8,42000
3,0,53,1,9,42000
3,0,60,1,5,42000
3,0,50,1,6,42000
3,0,56,1,8,42000
3,0,51,1,6,42000
3,0,58,1,3,42000
3,0,62,1,8,42000
3,0,58,1,8,42000
3,0,76,1,2,42000
3,0,48,1,3,42000
3,0,48,1,6,42000
3,0,54,1,3,42000
3,0,52,1,6,42000
3,0,38,1,5,42000
3,0,54,1,4,42000
3,0,50,1,5,42000
3,0,43,1,5,42000
3,0,54,1,5,42000
3,0,42,1,5,42000
3,0,54,1,5,42000
3,0,54,1,7,42000
3,0,42,1,7,42000
3,1,52,1,3,42000
3,0,63,1,9,42000
3,0,60,1,4,42000
3,1,67,1,7,42000
3,1,63,1,7,42000
3,0,76,1,1,42000
4,0,85,1,2,42000
1,1,44,1,4,42000
2,1,56,1,3,42000
2,1,45,1,3,42000
2,1,44,1,6,42000
2,1,50,1,8,42000
3,0,65,1,6,42000
3,0,52,1,4,42000
2,1,52,1,3,42000
3,0,68,1,9,42000
3,0,54,1,7,42000
3,0,50,1,6,42000
3,0,69,1,8,42000
3,0,62,1,8,42000
4,0,70,1,1,42000
3,0,62,1,3,42000
3,0,49,1,6,42000
3,0,58,1,7,42000
3,0,59,1,9,42000
4,0,50,1,9,42000
4,0,92,1,1,42000
2,0,48,1,3,42000
2,0,44,1,9,42000
2,1,61,1,5,42000
3,0,62,1,5,42000
2,1,53,1,3,42000
3,1,54,1,6,42000
3,0,63,1,3,42000
3,1,65,1,6,42000
3,0,65,1,5,42000
3,0,61,1,8,42000
3,1,76,1,1,42000
3,0,50,1,5,42000
3,0,65,1,8,42185
3,0,58,1,4,42200
3,0,60,1,7,42200
3,0,60,1,4,42200
4,0,90,1,2,42200
4,1,70,1,8,42210
3,1,52,1,5,42210
3,1,59,1,6,42300
3,11,77,1,1,42300
3,1,77,1,2,42300
3,1,77,1,2,42300
3,1,77,1,1,42350
3,0,52,1,3,42350
2,0,45,1,9,42350
3,0,50,1,3,42350
3,0,50,1,7,42500
3,1,71,1,1,42500
3,0,50,1,10,42500
2,0,49,1,7,42500
2,0,43,1,3,42500
2,0,49,1,5,42500
3,0,50,1,4,42500
3,1,65,1,4,42500
2,1,44,1,8,42500
3,0,50,1,4,42500
3,1,54,1,6,42500
3,1,66,1,10,42500
3,0,50,1,3,42500
3,0,63,1,7,42500
2,1,46,1,7,42500
2,1,45,1,7,42500
3,1,50,1,3,42500
3,0,59,1,9,42500
3,0,42,1,3,42500
3,0,43,1,8,42500
3,0,44,1,6,42500
3,0,68,1,7,42500
3,0,56,1,6,42500
2,0,58,1,5,42500
4,0,65,1,3,42500
3,0,50,1,6,42500
3,0,57,1,3,42500
3,0,68,1,4,42500
2,0,54,1,4,42500
4,1,68,1,11,42500
4,1,68,1,5,42500
2,0,58,1,8,42500
4,0,68,1,5,42500
3,0,52,1,7,42500
3,0,52,1,4,42500
4,1,90,1,1,42500
3,0,56,1,7,42500
4,0,71,1,2,42500
4,0,65,1,9,42500
3,1,52,1,11,42500
3,0,66,1,7,42500
3,1,69,1,10,42500
3,0,37,1,4,42503
3,1,66,1,11,42600
3,0,68,1,6,42800
3,2,60,1,3,42800
3,0,56,1,5,42900
3,0,68,1,5,43000
3,0,48,1,9,43000
3,1,46,1,8,43000
3,1,59,1,4,43000
3,1,65,1,9,43000
2,1,37,1,5,43000
4,1,80,1,2,43000
3,0,50,1,8,43000
3,1,51,1,7,43000
3,0,49,1,8,43000
3,1,69,1,4,43000
2,0,44,1,4,43000
3,0,50,1,9,43000
3,1,54,1,4,43000
2,1,50,1,7,43000
3,1,66,1,3,43000
2,1,46,1,8,43000
2,1,46,1,8,43000
3,1,58,1,8,43000
3,1,68,1,9,43000
3,1,50,1,5,43000
4,0,71,1,8,43000
2,1,52,1,7,43000
3,1,73,1,1,43000
3,1,54,1,5,43000
3,0,56,1,5,43000
3,0,60,1,3,43000
3,1,58,1,5,43000
3,0,58,1,3,43000
3,0,58,1,3,43000
4,1,105,0,1,69000
3,1,58,1,11,43000
4,0,76,1,1,43000
3,0,68,1,9,43000
3,1,60,1,4,43000
3,1,45,1,3,43000
3,1,56,1,4,43000
3,1,55,1,9,43000
3,1,54,1,5,43000
2,1,40,1,6,43000
3,1,45,1,4,43000
3,1,44,1,7,43000
3,0,45,1,4,43000
3,1,56,1,9,43000
3,1,60,1,9,43000
3,1,67,1,6,43000
3,1,77,1,2,43000
3,1,50,1,3,43000
3,1,43,1,6,43000
3,1,43,1,6,43000
3,1,43,1,8,43000
3,1,46,1,4,43000
2,1,40,1,7,43000
3,1,53,1,5,43000
3,1,75,1,2,43000
3,1,60,1,8,43000
3,1,68,1,3,43000
4,0,75,1,2,43000
4,1,84,1,2,43000
4,1,63,1,5,43000
3,1,50,1,7,43000
3,1,68,1,6,43000
3,1,54,1,3,43000
3,1,58,1,4,43000
3,1,58,1,8,43000
2,1,69,1,5,43000
2,1,42,1,7,43000
4,1,58,1,3,43000
2,0,61,1,7,43000
3,1,52,1,5,43000
3,1,58,1,4,43000
4,1,76,1,2,43000
3,1,71,1,6,43000
3,1,54,1,6,43000
3,1,54,1,7,43000
3,1,54,1,5,43000
3,1,68,1,8,43000
3,1,82,1,11,53500
4,1,92,1,9,64000
4,1,89,1,5,58000
4,1,85,1,7,52000
3,1,79,1,8,54000
4,1,96,1,5,64000
4,1,89,1,5,58000
4,1,85,1,4,54000
4,1,96,1,5,65000
4,1,90,1,5,62000
4,1,89,1,4,56000
